number,song name,artist,year,genre,lyrics,view record
1,Thinking Out Loud,edsheeran,2014,pop,legdontworklikeusebeforcantsweepfeetmouthstillremembtastloveeyestillsmilecheekdarllovetil70babiheartcouldstillfallhard23imthinkboutpeoplfalllovemysteriwaymaybtouchhandohfallloveeverisingldaywannatellhoneytakelovearmkisslightthousandstarplaceheadbeatheartimthinkloudmaybfoundloverighthairgonememorifadecrowddontremembnamehanddontplaystringwaymmknowstilllovecaushoneysoulnevergrowoldevergreenbabismileforevmindmemoriimthinkboutpeoplfalllovemysteriwaymaybpartplanillkeepmakemistakhopeyoullunderstandbabitakelovearmkisslightthousandstarplaceheadbeatheartimthinkloudmaybfoundloverightohbabitakelovearmkisslightthousandstarohdarlplaceheadbeatheartimthinkloudmaybfoundloverightohbabifoundloverightmaybfoundloverightbedsheetsmelllikeeveridaydiscovsomethbrandnewimlovebodiohiohiohiohiimlovebodiohiohiohiohiimlovebodiohiohiohiohiimlovebodieveridaydiscovsomethbrandnewimloveshapecomebabicomecomebabicomecomebabicomecomebabicomecomebabicomecomebabicomecomebabicomecomebabicomeimloveshapepushpulllikemagnetalthoughheartfallimlovebodilastnightroombedsheetsmelllikeeveridaydiscovsomethbrandnewimlovebodicomebabicomecomeimlovebodibabicomecomebabicomecomeimlovebodibabicomecomebabicomecomeimlovebodibabicomeeveridaydiscovsomethbrandnewimloveshape,"3,686,142,992"
2,Shape of You,edsheeran,2017,pop,clubisntbestplacefindloverbargofriendtablshotdrinkfasttalkslowcomestartconverstrustillgivechanctakehandstopputvanmanjukeboxstartdancimsinglikegirlknowwantlovelovewahandmadsomebodilikecomefollowleadmaycrazidontmindsayboylettalkmuchgrabwaistputbodicomefollowleadcomecomefollowleadimloveshapepushpulllikemagnetalthoughheartfallimlovebodilastnightroombedsheetsmelllikeeveridaydiscovsomethbrandnewimlovebodiohiohiohiohiimlovebodiohiohiohiohiimlovebodiohiohiohiohiimlovebodieveridaydiscovsomethbrandnewimloveshapeoneweekletstoribegingofirstdatethriftigoeatfillbagfillplatetalkhourhoursweetsourfamiliokayleavgettaxikissbackseattelldrivermakeradioplayimsinglikegirlknowwantlovelovewahandmadsomebodilikecomefollowleadmaycrazidontmindsayboylettalkmuchgrabwaistputbodicomefollowleadcomecomefollowleadimloveshapepushpulllikemagnetalthoughheartfallimlovebodilastnightroombedsheetsmelllikeeveridaydiscovsomethbrandnewimlovebodiohiohiohiohiimlovebodiohiohiohiohiimlovebodiohiohiohiohiimlovebodieveridaydiscovsomethbrandnewimloveshapecomebabicomecomebabicomecomebabicomecomebabicomecomebabicomecomebabicomecomebabicomecomebabicomeimloveshapepushpulllikemagnetalthoughheartfallimlovebodilastnightroombedsheetsmelllikeeveridaydiscovsomethbrandnewimlovebodicomebabicomecomeimlovebodibabicomecomebabicomecomeimlovebodibabicomecomebabicomecomeimlovebodibabicomeeveridaydiscovsomethbrandnewimloveshape,"6,127,546,953"
3,The A Team,edsheeran,2011,popfolk,whitelippalefacebreathinsnowflakburntlungsourtastlightgonedayendstrugglpayrentlongnightstrangmensayclassteamstuckdaydreamthiwaysinceighteenlatefaceseemslowlisinkwastcrumbllikepastriscreamworstthinglifecomefreeuscausupperhandgomadcouplgramdontwannagooutsidtonightpipeflimotherlandsellloveanothmancoldoutsidangelfliangelfliripgloveraincoattriswimstayafloatdrihouswetclothlooschangbanknotwearyeydrithroatcallgirlphonesayclassteamstuckdaydreamthiwaysinceighteenlatefaceseemslowlisinkwastcrumbllikepastriscreamworstthinglifecomefreeuscausupperhandgomadcouplgramdontwannagooutsidtonightpipeflimotherlandsellloveanothmancoldoutsidangelfliangeldiecoverwhitecloseeyehopinbetterlifethitimewellfadetonightstraightlinesayclassteamstuckdaydreamthiwaysinceighteenlatefaceseemslowlisinkwastcrumbllikepastriscreamworstthinglifecomefreeusupperhandgomadcouplgramdontwannagooutsidtonightpipeflimotherlandsellloveanothmancoldoutsidangelfliangelfliflifliangelfliflifliangeldie,"365,901,984"
4,Photograph,edsheeran,2015,pop,lovehurtlovehurtsometimonlithingknowgethardknowgethardsometimonlithingmakeusfeelalivewkeepthilovephotographmadememoriourselveyenevercloseheartneverbrokentimeforevfrozenstillkeepinsidpocketripjeanholdclosertileyemeetwonteveralonwaitcomehomeloveheallovemendsoulonlithingknowknowsweargeteasierremembeveripiecyaonlithingtakeusdiekeepthilovephotographmadememoriourselveyenevercloseheartneverbrokentimeforevfrozenstillkeepinsidpocketripjeanholdclosertileyemeetwonteveralonhurtokbabionliwordbleedinsidpageholdwonteverletgowaitcomehomewaitcomehomewaitcomehomewaitcomehomeohfitinsidnecklacgotsixteennextheartbeatkeepdeepwithinsoulhurtwellokbabionliwordbleedinsidpageholdwonteverletgoimawayremembkisslamppostback6thstreethearwhisperphonewaitcomehome,"1,337,529,449"
5,Bad habits,edsheeran,2021,pop,onetwothreefouroohoohoohoohooheveritimecomearoundknowcantsayeveritimesungoelettakecontrolfeelparadisbeforworldimplodtonightsomethwonderbadhabitleadlatenightendinalonconversstrangerbareknowswearinthilastprobablwontgotnothinleftloseusebadhabitleadwideeyestarespaceknowilllosecontrolthingsayyeahwalookinwaycantescapnothinhappentwotruetruebadhabitleadoohoohoohoohoohbadhabitleadoohoohoohoohoohbadhabitleadeveripureintentendgoodtimestartfallineverythreachfirsttimesparkstartneonlightgotdarkonliknowgofarbadhabitleadlatenightendinalonconversstrangerbareknowswearinthilastprobablwontgotnothinleftloseusebadhabitleadwideeyestarespaceknowilllosecontrolthingsayyeahwalookinwaycantescapnothinhappentwotruetruebadhabitleadoohoohoohoohoohbadhabitleadoohoohoohoohoohtooklongwayroundburntilfunranbadhabitleadlatenightendinalonconversstrangerbareknowswearinthilastprobablwontgotnothinleftloseusebadhabitleadwideeyestarespaceknowilllosecontrolthingsayyeahwalookinwaycantescapnothinhappentwotruetruebadhabitleadoohoohoohoohoohbadhabitleadoohoohoohoohoohbadhabitlead,"558,493,000"
6,Castle on the Hill,edsheeran,2017,poprock,wasixyearoldbrokelegwarunbrotherhifriendtastsweetperfummountaingrassrollwellwayoungertakebackfoundheartbrokemadefriendlostyeariveseenroarfieldlongknowivegrowncantwaitgohomeimwaydrive90countrilanesingtinidancermisswaymakefeelrealwatchsunsetcastlhill15yearoldsmokehandrolcigarettrunlawbackfieldgetdrunkfriendfirstkissfridaynightdontreckonrightwayoungertakebackfoundweekendjobgotpaidwedbuycheapspiritdrinkstraightfriendthrownlongohwevegrowncantwaitgohomeimwayhoohoodrive90countrilanehoohoosingtinidancermisswaymakefeelrealwatchsunsethoohoocastlhillhoohoocastlhillhoohoocastlhillonefriendleftsellclothoneworkcoastonetwokidlivealononebrotheroverdosonealreadihisecondwifeonebaregetpeoplraiscantwaitgohomeimwaystillrememboldcountrilaneknowanswermisswayhoohoomakefeelrealwatchsunsethoohoocastlhillhoohoocastlhillhoohoocastlhill,"536,518,554"
7,Lego House,edsheeran,2011,pop,imgonnapickpiecbuildlegohousthinggowrongknockthreewordtwomeanonethingminddarkcolddecembivegotyakeepwarmbrokenillmendyakeepshelterstormärageimtouchimloveillpickgetthingivedoneäthinklovebetterimsightimmindilltimethingivedoneäthinklovebetterimgonnapaintnumbercolorthinggorightframeputwallhardsayivebeforillsurrendheartswapimtouchimloveillpickgetthingivedonethinklovebetterimsightimmindilltimethingivedoneäthinklovebetterdontholdthinkbracebreakingätakedarkcolddecembivegotyakeepwarmbrokenmendyakeepshelterstormärageimtouchimloveillpickgetthingivedoneäthinklovebetterimsightimmindilltimethingivedoneäthinklovebetterimtouchimloveillpickgetthingivedonelovebetter,"317,711,240"
8,Shivers,edsheeran,2021,pop,tookarrowheartneverkissmouthtastlikestrawberrisomethoohyeahwantlipstickguitarfillengindriverealfargodancunderneathstaroohyeahwantmmmgotfeellikewannaguywannakisseyewannadrinksmilewannafeellikelikesoulfirewannastaydaynightyeahgotsinglikeoohlovelikeclosegiveshiverohbabiwannadanctillsunlightcracksaypartiwellbringrightbackwellsayoohlovelikeclosegiveshiverohbabiwannadanctillsunlightcracksaypartiwellbringrightbackcarbackseatmoonlitdarkwraplegarmoohcantgetenoughknowcouldtearapartputbacktogethtakeheartneverthoughtcouldlovethihardoohcantgetenoughmmmgotfeellikewannaguywannakisseyewannadrinksmilewannafeellikelikesoulfirewannastaydaynightyeahgotsinglikeoohlovelikeclosegiveshiverohbabiwannadanctillsunlightcracksaypartiwellbringrightbackwellsayoohlovelikeclosegiveshiverohbabiwannadanctillsunlightcracksaypartiwellbringrightbackbabiburnhotmakeshiverfiregotthithingstartdontwantstopknowmakeshivererbabiburnhotmakeshiverfiregotthithingstartdontwantstopknowmakeshiveryeahgotsinglikeoohlovelikeclosegiveshiverohbabiwannadanctillsunlightcracksaypartiwellbringrightbackohwellsayoohlovelikeclosegiveshiverohbabiwannadanctillsunlightcracksaypartiwellbringrightbackhey,"312,815,228"
9,Beautiful People,edsheeranfeatkhalid,2019,pop,lasaturdaynightsummersundowncomelamborghinirenthummerpartyåtheyårheadinådowntownãroundeverybodyålookinåcomewannaknowyouårmiddloneloveweårtrynafigureverythdonåtfitwellåcausourselvcouldusehelpgettinåthiconversyeahlookstundeardonåtaskquestionthionlifearbecombeautipeopldroptopdesignclothfrontrowfashionshowåwhatdåyoudoãåwhodåyouknowãinsidworldbeautipeoplchampagnrolledupnoteprenupbrokenhomesurroundstillalonletåleavpartithatåbeautiyeahthatåbeautibeautilammmdrovehourlastnightmadenowhernowhernowherseestareyeweårhalfwaynightiåmfazelightflashinåcameraãcausarmaroundthereåneedcaredonåtfitwellourselvcouldusehelpgettinåthiconversyeahlookstundeardonåtaskquestionthionlifearbecombeautipeopldroptopdesignclothfrontrowfashionshowåwhatdåyoudoãåwhodåyouknowãinsidworldbeautipeoplchampagnrolledupnoteprenupbrokenhomesurroundstillalonletåleavpartithatåbeautiyeahyeahthatåbeautibeautibeauti,"366,656,831"
10,The Joker and the Queen,edsheeranfeattaylorswift,2021,poprock,waknowcrazithingshowhandstillletwinwasaythiwameantroadwabrokenbroughtustogethknowcouldfallthousandkingheartwouldgivediamondringfoldseebestjokerqueenwaupsidoutsidcametablwentsinglwordgentltouchturnmomentforevknowcouldfallthousandkingheartcouldgivediamondringfoldseebestjokerqueenknowcouldfallthousandkingheartwouldgivediamondringfoldsawbestjokerqueenjokerqueen,"48,573,264"
11,Don't,edsheeran,2014,poprb,ahlahmlahlahahlahmlahlahmetthigirllatelastyearsaiddontworridisappeartoldimreallilookanothmistakcalloldfriendthinktroublwouldwaitjumprightweeklaterreturnreckonwaonlilookloverburngavetimetwothreenightputpausmomentwarightwentawaymonthpathcrosstoldwaneverlookfriendmaybcouldswingroomaround1000babibringlemonbottlginwellsheettillatebabiwantshouldvsaidsingahlahmlahlahdontfuckloveheartcoldhomedontwannaknowbabeahlahmlahlahdontfucklovetoldknowtakeaimreloaddontwannaknowbabeahlahmlahlahcouplweekonliwannaseedrinkawaydaytakeawaypizzabefortextmessagwaonliwayreachstayplacelovewaytreatsingarethatracklikefeaturneverwantsleepguessdontwanteithermakemoneywayfourcititwoplanedayshownevermaybwellgotogethfiguridratherputfilmsitcouchgetplanewellmisswishidwrittenwaythingplaywakisswaconfusfigurimsatsingahlahmlahlahdontfuckloveheartcoldhomedontwannaknowbabeahlahmlahlahdontfucklovetoldknowtakeaimreloaddontwannaknowbabeahlahmlahlahknockknockknockhoteldoordontevenknowknowwacrishoulderalreaditoldyatrustrespectthineverintendnextdidntneedtakebedneversawthreatdisappearsexcoursliketourstayfuckhotelfloorwasntlookpromiscommitwaneverfunthoughtdifferthiwayrealizwantbitmuchlateimhonestthitimegodknowimsingahlahmlahlahdontfuckloveheartcoldhomedontwannaknowbabeahlahmlahlahdontfucklovetoldknowtakeaimreloaddontwannaknowbabeahlahmlahlah,"200,627,169"
12,Sing,edsheeran,2014,pop,lateevenglasssideivesatnightignoreverybodiwishwoulddisappearmaybcouldgetdontwannaknowgetaheadprogramwantmineladiholdbodiclosetakeanothstepnomanlandlongesttimeladineeddarlcomesettonefeelfallwontletknowohohohoohoohohohoohohlovecomegetinvolvfeelrushheadtoeohohohoohoohohohoohohsingohohohoohoohohohoohohlouderohohohoohoohohohoohohsingohohohohohohohohohohohohohthiloveblazesawflamesidestagefirebrigadcomecoupldaygotnothsaynothknowsomethdrinkmaybsomethsmokeletgoroadchangsingfoundlovelocalravedontrealliknowimsuppossayfigurhopepraytoldnamesaidnicemeetyahandbottlwaterfilltequilaalreadiknowkeeperthionesmallactkindimdeepshitanybodifindimmeantdrivehomeivedrunksobersitcouchonethingledanothkissmouthneeddarlcomesettonefeelfallwontletknowohohohoohoohohohoohohlovecomegetinvolvfeelrushheadtoeohohohoohoohohohoohohsingohohohoohoohohohoohohlouderohohohoohoohohohoohohsingohohohohohohohohohohohohohfeelguydontevenwannadancfeelhearmusicbackfeelfoundhidewonttakehanddarlbeforbeatkickfeelfeelsingohohohohohohohohohohohohohx7needdarlcomesettonefeelfallwontletknowlouderohohohohoohohohohohoohsinglovecomegetinvolvfeelrushheadtoelouderohohohohoohohohohohoohsing,"229,412,485"
13,Afterglow,edsheeran,2020,pop,stopclockamazseewaylightdanchairmillioncolourhazelgoldenredsaturdaymornfadesunreflectcoffehandeyecaughtgazelovedrunkwaitmiracltrifindourselvwintersnowalonlovelikeworlddisappearohwontsilentwontletgoholdtightertilafterglowwellburnbrighttildarksoftliclearohholdafterglowohholdafterglowweatheroutsidchangleavburisixinchwhiteradioplayironwinethinewdimensthilevellosetracktimeimholdnothexceptlovedrunkwaitmiracltrifindourselvwintersnowalonlovelikeworlddisappearohwontsilentwontletgoholdtightertilafterglowwellburnbrighttildarksoftliclearohholdafterglowohholdafterglowohholdafterglow,"121,048,561"
14,I See Fire,edsheeran,2013,popfolk,ohmistieyemountainkeepcarewatchbrothersoulskyfillfiresmokekeepwatchdurinsonthiendfireburntogethwatchflameclimbhighnightcallfatherohstandwatchflameburnauburnmountainsidedietonightdietogethraisglasswinelasttimecallfatherohstandwatchflameburnauburnmountainsidedesolcomeuponskyseefireinsidmountainseefireburntreeseefirehollowsoulseefirebloodbreezhoperemembohpeoplfallsureillconfinmountainhallgotcloseflamecallfatherohstandwatchflameburnauburnmountainsidedesolcomeuponskyseefireinsidmountainseefireburntreeseefirehollowsoulseefirebloodbreezhoperemembnightburncovereyedarkreturnbrotherdieskyfallcrashthilonetownshadowupongroundhearpeoplscreamseefireinsidmountainseefireburntreeseefirehollowsoulseefirebloodbreezseefireohknowsawcitiburnfireseefirefeelheatuponskinyeahfireseefireuhuhuhuhfireseefireburnauburnmountainside,"430,739,715"
15,Happier,edsheeran,2018,pop,walk29thparksawanotharmonlimonthweveapartlookhappiersawwalkinsidbarsaidsomethinmakelaughsawsmiletwicewideyeahlookhappieraintnobodihurtlikehurtaintnobodilovelikepromistakepersonbabimovinsomeonnewcausbabilookhappierfriendtoldonedayillfeelillsmilehidetruthknowwahappiersatcornerroomeverythremindnursemptibottltellhappierarentheyyeahheyyeahheyyeahohaintnobodihurtlikehurtheyyeahheyyeahaintnobodineedlikeheyyeahheyyeahknowdeservheyyeahheyyeahdarlinstillloveguesslookhappierfriendtoldonedayillfeelcouldtrismilehidetruthknowwahappierheyyeahheyyeahheyyeahheyyeahheyyeahheyyeahheyyeahheyyeahheyyeahheyyeahheyyeahheyyeahcausbabilookhappierknewonedayyoudfallsomeonnewbreakheartlikeloverknowillwaitin,"409,651,145"
16,Give Me Love,edsheeran,2012,pop,givelovelikecauslateivewakealonpaintsplatterteardropshirttoldidletgoillfightcornermaybtonightillcallyabloodturnalcoholwannaholdyagivelittltimeburnthiwellplayhideseekturnthiaroundwanttastlipallowohgiveloveohgiveloveohgiveloveohgiveloveohgivelovegivelovelikeneverbeforcauslateivecravestillfeelmaybletgoknowillfightcornertonightillcallyablooddrownalcoholwannaholdyagivelittltimeburnthiwellplayhideseekturnthiaroundwanttastlipallowohgivelovegivelittltimeburnthiwellplayhideseekturnthiaroundwanttastlipallowohgiveloveohgiveloveohgiveloveohgiveloveohgivelovemmimmimmigivelovelovermmimmimmigivelovelovemmimmimmigivelovelovermmimmimmigivelovelovermmimmimmigivelovelovermmimmimmigivelovelovermmimmimmigivelovelovermmimmimmigiveloveloverlovelovelovemmimmimmigivelovelovergivelovemmimmimmigivelovelovergivelovemmimmimmigivelovelovergivelovelovemmimmimmigivelovelovergiveloveohgiveloveohgiveloveohgiveloveohgivelovegivelovelikecauslateivewakealonpaintsplatterteardropshirttoldidletgoillfightcornermaybtonightillcallyabloodturnalcoholwannaholdyagivelittltimeburnthiwellplayhideseekturnthiaroundwanttastlipallowohgiveloveohgiveloveohgivelovemiohgiveloveohgivelovegivelovelikeneverbeforcauslateivecravestillfeelmaybletgoknowillfightcornertonightillcallyablooddrownalcoholwannaholdyagivelittltimeburnthiwellplayhideseekturnthiaroundwanttastlipallowohgivelovegivelittltimeburnthiwellplayhideseekturnthiaroundwanttastlipallowohgiveloveohgiveloveohgiveloveohgiveloveohgivelovemmimmimmigivelovelovermmimmimmigivelovelovermmimmimmigivelovelovermmimmimmigivelovelovermmimmimmigivelovelovermmimmimmigivelovelovermmimmimmigivelovelovermmimmimmigiveloveloverlovelovelovemmimmimmigivelovelovergivelovemmimmimmigivelovelovergivelovemmimmimmigivelovelovergivelovelovemmimmimmigivelovelovergiveloveohgiveloveohgivelove,"663,967,483"
17,Galway Girl,edsheeran,2017,popfolk,playfiddlirishbandfellloveenglishmankissnecktookhandsaidbabiwantdancmetgraftonstreetrightoutsidbarsharecigarettbrotherplayguitaraskdoemeangaelicinkarmsaidwaonefriendsongwantdrinktookjamichaserjackfungotarthurtabljohnnirideshotgunchatonedrinkbarputvanjukeboxgotdancknowplayfiddlirishbandfellloveenglishmankissnecktookhandsaidbabiwantdancprettilittlgalwaygirlprettilittlgalwaygirlknowbeatdartbeatpoolkisslikewanobodielsroomlastordercallwastoodstooldanccå¹ilidhsingtradtuneneverheardcarrickfergueversangsweetcapellabarusefeetbeatohcouldvoicplayrepeatweekthipackroomswearwasingknowplayfiddlirishbandfellloveenglishmankissnecktookhandsaidbabiwantdancprettilittlgalwaygirlgalwaygirlgalwaygirlgalwaygirlweveoutstaywelcomclosetimewaholdhandhandwaholdminecoatsmellsmokewhiskiwinefilllungcoldairnightwalkhometookinsidfinishdoritoanothbottlwineswearimgonnaputsongwritegalwaygirlperfectnightplayfiddlirishbandfellloveenglishmankissnecktookhandsaidbabiwantdancprettilittlgalwaygirlgalwaygirlgalwaygirlgalwaygirl,"587,767,339"
18,Supermarket Flowers,edsheeran,2016,pop,tooksupermarketflowerwindowsilthrewdayoldteacuppackphotoalbummatthewmadememorilifelovetookgetwellsooncardstufanimpouroldgingerbeersinkdadalwaytolddontcrimumteareveritimeblinkohimpiectearknowheartbrokeheartloveillsinghallelujahangelshapemumfellyoudholdspreadwinggogodtakebackwellsayhallelujahhomeflufpillowmadebedstackchairfoldnightgownneatlicasejohnsayheddriveputhihandcheekwipetearsidefacehopeseeworldcausknowlifelovelifeliveillsinghallelujahangelshapemumfellyoudholdspreadwinggogodtakebackwellsayhallelujahhomehallelujahangelshapemumgotseepersonbecomspreadwingknowgodtookbacksaidhallelujahhome,"1,337,533,025"
19,Wildest Dream,taylorswift,2014,pop,saidletgetthitowndrivecitiawaycrowdthoughtheavencanthelpnothlastforevthigonnataketallhandsomhellbaddoewellseeendbeginoneconditsayyoullremembstandnicedressstaresunsetbaberedliprosicheeksayyoullseeevenwildestdreamahahhawildestdreamahahhasaidonehaknowhihandhairhiclothroomhivoicfamiliarsoundnothlastforevthigetgoodtallhandsomhellbaddoewellweveverilastkisslastrequestsayyoullremembstandnicedressstaresunsetbaberedliprosicheeksayyoullseeevenwildestdreamahahhahaahhawildestdreamahahhayoullseehindsighttanglnightburnsomedayleavbetmemorifollowaroundyoullseehindsighttanglnightburnburnsomedayleavbetmemorifollowfollowaroundfollowaroundsayyoullremembstandnicedressstaresunsetbaberedliprosicheeksayyoullseeevenpretendsayyoullremembstandnicedressstaresunsetbaberedliprosicheeksayyoullseeevenpretendpretendwildestdreamahahhaahwildestdreamahahhaevenstaywildestdreamahahhawildestdreamahahha,"902,073,308"
20,Long Live ,taylorswift,2010,popcountry,saidremembthimomentbackmindtimestoodshakehandcrowdstandwentwildkingqueenreadnamenightdanclikeknewlivewouldneverheldheadlikeherohistoribookpagewaenddecadstartagelonglivewallcrashkingdomlightshinewascreamlonglivemagicmadebringpretendonedayremembsaidremembthifeelpasspicturaroundyearstoodsidelinwishrightkingqueentradebasebalcapcrowngaveustrophiheldtowncynicoutragscreamthiabsurdcausmomentbandthievripjeangotruleworldlonglivewallcrashkingdomlightshinewascreamlonglivemagicmadebringpretendimafraidlonglivemountainmovetimelifefightdragonwascreamlonglivelookfacebringpretendonedayremembholdspinaroundconfettifallgroundmaymemoribreakfalltakemomentpromisthiyoullstandforevgodforbidfatestepforcusgoodbychildrensomedaypointpicturpleastellnametellcrowdwentwildtellhopeshinelonglivewallcrashtimelifelonglonglivewallcrashkingdomlightshinewascreamlonglivemagicmadebringpretendimafraidsinglonglivemountainmovetimelifefightdragonlonglonglivelookfacebringpretendonedayrememb,"9,924,010"
21,Out of the Woods ,taylorswift,2014,popelectropop,lookseemsimplliecouchremembtookpolaroidusdiscovdiscovrestworldwablackwhitescreamcolorremembthinkwoodyetwoodyetwoodyetwoodclearyetclearyetclearyetclearyetgoodwoodyetwoodyetwoodyetwoodclearyetclearyetclearyetclearyetgoodwoodlooklastdecemblastdecembbuiltfallapartfallbacktogethbacktogethoohnecklachangnecknightcouldntquitforgetdeciddecidmovefurniturcoulddancbabilikestoodchanctwopaperairplanfliflifliremembthinkwoodyetwoodyetwoodyetwoodclearyetclearyetclearyetclearyetgoodwoodyetwoodyetwoodyetwoodclearyetclearyetclearyetclearyetgoodwoodremembhitbrakesoontwentistitchhospitroomstartcribabisuncamewalookremembcouldnttakeheatwalksaidimsetfreemonsterturntreesuncamelooklookohlookwoodyetwoodyetwoodyetwoodremembclearyetclearyetohremembwoodyetwoodyetyeahwoodyetwoodclearyetclearyetclearyetclearyetgoodwoodyetwoodyetwoodyetwoodclearyetyeahclearyetyeahclearyetclearyetgoodwoodyetwoodyetwoodyetwoodclearyetclearyetclearyetclearyetgoodwoodyetwoodyetwoodyetwoodclearyetclearyetclearyetclearyetgood,"196,733,304"
22,Enchanted ,taylorswift,2010,popcountry,watonightforclaughterfakesmileoldtireloneplacewallinsincershifteyevacancvanishsawfacesaywaenchantmeeteyewhispermetcrossroomsilhouettstartmakewayplayconversstartcounterquickremarklikepassnotesecreciwaenchantmeetsaywaenchantmeetthinightsparkldontletgoimwonderstruckblushwayhomeillspendforevwonderknewwaenchantmeetlingerquestionkept2lovewondertilimwideawakimpacebackforthwishdooridopenwouldsayheywaenchantmeetknowwaenchantmeetthinightsparkldontletgoimwonderstruckblushwayhomeillspendforevwonderknewthinightflawlessdontletgoimwonderstruckdancaroundalonillspendforevwonderknewwaenchantmeetthipraythiwaverifirstpagestorilineendthoughtechonameseewordheldbackwaleavsoonwaenchantmeetpleasdontlovesomeonelspleasdontsomebodiwaitpleasdontlovesomeonelspleasdontsomebodiwaitthinightsparkldontletgoimwonderstruckblushwayhomeillspendforevwonderknewthinightflawlessdontletgoimwonderstruckdancaroundalonillspendforevwonderknewwaenchantmeetpleasdontlovesomeonelspleasdontsomebodiwait,"129,821,421"
23,Ivy,taylorswift,2020,alternativeindie,oneknowidmeetspiritmeetbonefaithforgottenlandsnowtouchbroughtforthincandescglowtarnishgrandoldwidowgoestoneeveridaydontsitwaitgrievliveohgoddamnpainfitpalmfreezhandtakeminepromisanothohcantstopputrootdreamlandhousstoneivigrowimcoverwishknowfatalflawmakelongmagnificcursroomopaleyewishseewantonliohgoddamnpainfitpalmfreezhandtakeminepromisanothohcantstopputrootdreamlandhousstoneivigrowimcovercloverbloomfieldspringbreakloostimenearwouldfounduscrescentmooncoastclearspringbreakloosdoefeargonnaburnthihousgroundoneknowidlivediemomentstolebegborrowtimetellrundaresitwatchwellbecomdrinkhusbandwineohgoddamnpainfitpalmfreezhandtakeminepromisanothohcantstopputrootdreamlandhousstoneivigrowimcoverimcoveryeahfiregoddamnblazedarkstartstartyeahwargoddamnfightlifestartstartohcantstopputrootdreamlandhousstoneivigrowimcoverimcover,"13,888,836"
24,Style,taylorswift,2014,pop,midnightcomepickheadlightlongdrivecouldendburnflameparadisfadeviewohsincevenheardheardtellleavcausknowexactlileadwatchusgoroundroundtimegotjamedeandaydreamlookeyegotredlipclassicthinglikegocrashcomebackeveritimecausnevergostylenevergostylegotlonghairslickbackwhitetshirtgotgoodgirlfaithtightlittlskirtgocrashcomebackeveritimecausnevergostylenevergostylegoecantkeephiwildeyeroadmmtakehomelighttakehicoatmmyeahsayheardohyouvgirlgirlsayheardtruecantstopthinkinboutsaidivetimecausgotjamedeandaydreamlookeyegotredlipclassicthinglikegocrashcomebackeveritimecausnevergostylenevergostylegotlonghairslickbackwhitetshirtgotgoodgirlfaithtightlittlskirttightlittlskirtgocrashcomebackeveritimecausnevergostylenevergonevergostyletakehometakehomeyeahtakehomeohwhoaohstyleohgotjamedeandaydreamlookeyegotredlipclassicthinglikemgocrashgocomebackeveritimecausnevergostylenevergostyle,"810,083,507"
25,Seven,taylorswift,2020,alternativeindie,pleaspicturtreehitpeaksevenfeetswingcreekwascarejumpwahighskypennsylvaniastillbeautithingsweetteasummercrossheartwonttellthoughcantrecalfacestillgotlovebraidlikepatternlovemoonsaturnpasslikefolksonglovelastlongivemeantellthinkhoushauntdadalwaymadmustwhithinkcomelivepiratwontcrihideclosetlikefolksonglovepasspleaspicturweedbeforlearncivilusescreamferocianitimewantsweetteasummercrossheartwonttellthoughcantrecalfacestillgotlovepackdollsweaterwellmoveindiaforevpasslikefolksonglovelastlong,"18,617,946"
26,Cowboy Like Me,taylorswift,2019,alternativeindie,tennicourtwacovertentlikthingaskdancsaiddancdangergameohthoughtthigonnaonethingknowimnevergonnaloveivegottricksleevtakeoneknowonecowboylikeneverwantlovefancicarimwaitphonelikeimsitairportbartricksleevtakeoneknowonecowboylikeperchdarktellrichfolkanythwannahearlikecouldlovecouldwayforwardonlipaybanditlikeeyefullstarhustlgoodlifeneverthoughtidmeetcouldlovecouldwayforwardknowillpaycowboylikeperchdarktellrichfolkanythwannahearlikecouldlovecouldwayforwardonlipaybanditlikeeyefullstarhustlgoodlifeneverthoughtidmeetcouldlovecouldwayforwardknowillpayskeletonclosetplothardfuckthioldmeniveswindlreallibelievwaoneladilunchstoripasstownwabeforlockhangliplikegardenbabylonbootbeneathbedforevsweetestconivetricksleevtakeoneknowonecowboylikeimnevergonnaloveimnevergonnalovemmmmohohimnevergonnalove,"10,349,049"
27,Bigger than the Whole Sky,taylorswift,2022,popcountry,wordappearbeforaftermathsaltstreameyeeareverisinglthingtouchbecomsicksadcausseagoodbygoodbygoodbybiggerwholeskyshorttimeivegotlotpineivegotlotlivewithoutimnevergonnameetcouldvwouldvshouldvcouldvwouldvbirdflapwingasiaforctakebecausdidntprayeverisinglthingcomehaturnashcausmeantillsayworddontbelievgoodbygoodbygoodbybiggerwholeskyshorttimeivegotlotpineivegotlotlivewithoutimnevergonnameetcouldvwouldvshouldvcouldvwouldvshouldvcouldvwouldvcouldvwouldvcouldvwouldvcouldvwouldvgoodbygoodbygoodbybiggerwholeskyshorttimeivegotlotpineivegotlotlivewithoutimnevergonnameetcouldvwouldvshouldv,"7,380,088"
28,Fifteen,taylorswift,2008,pop,takedeepbreathwalkdoormorninverifirstdaysayhifriendaintseentristayeverybodiwayfreshmanyeargonnanextfouryearthitownhopinoneseniorboywinksayknowhaventseenaroundbeforcaus15someboditelllovegonnabeliev15feelinlikenothinfigurwellcounttentakethilifebeforknowgonna15sitclassnextredheadnameabigailsoonenoughbestfriendlaughingirlthinktheyrcoolwellouttasoonverifirstdategotcarfeelinlikeflyinmamawaitinthinkinonedancinroundroomnightendnightendcaus15someboditelllovegonnabeliev15firstkissmakeheadspinroundwelllifeyoullthinggreaterdateboyfootbalteamdidntknow15wantwawantwishcouldgobacktellknowbacksworewagonnamarrisomedayrealizbiggerdreammineabigailgaveeverythboychanghimindcricaus15someboditelllovegonnabeliev15dontforgetlookbeforfallivefoundtimehealanythmightfindsupposdidntknowwasuppos15lalalalalalalalalalalalalalalalalalalalalalalalalalaverifirstdaytakedeepbreathgirltakedeepbreathwalkdoor,"166,774,842"
29,Cruel Summer,taylorswift,2020,popelectropop,feverdreamhighquietnightknowcaughtbadbadboyshinitoypriceknowboughtkillslowwindowimalwaywaitwaitdevilrolldiceangelrolleyedoesntkillmakewantnewshapebodibluefeelivegotoohwhoaohcruelsummercooltellemrulebreakablheavenoohwhoaohcruelsummerhangheadlowglowvendmachinimdiesaywellscrewtritimetricutheadlightsummerknifeimalwaywaitcutbonedevilrolldiceangelrolleyebleedyoulllastknowohnewshapebodibluefeelivegotoohwhoaohcruelsummercooltellemrulebreakablheavenoohwhoaohcruelsummerimdrunkbackcarcrilikebabicomehomebarohsaidimfinewasnttruedontwannakeepsecretkeepsnuckgardengateeverinightsummersealfateohscreamwhatevworthloveaintworstthingeverheardlookgrinlikedevilnewshapebodibluefeelivegotoohwhoaohcruelsummercooltellemrulebreakablheavenoohwhoaohcruelsummerimdrunkbackcarcrilikebabicomehomebarohsaidimfinewasnttruedontwannakeepsecretkeepsnuckgardengateeverinightsummersealfateohscreamwhatevworthloveaintworstthingeverheard,"129,533,237"
30,Love story,taylorswift,2021,popcountry,youngfirstsawcloseeyeflashbackstartimstandbalconisummerairseelightseepartiballgownseemakewaycrowdsayhellolittlknoromeothrowpebbldaddisaidstayawayjulietwacristaircasbegpleasdontgosaidromeotakesomewheralonillwaitleftrunyoullprincillprincesslovestoribabisayyesneakgardenseekeepquietcausdeadknewcloseeyeescapthitownlittlohohcausromeowascarletletterdaddisaidstayawayjulieteverythwabegpleasdontgosaidromeotakesomewheralonillwaitleftrunyoullprincillprincesslovestoribabisayyeromeosavetheyrtritellfeelthilovedifficultrealdontafraidwellmakethimesslovestoribabisayyeohohohgottirewaitwonderevercomearoundfaithwafademetoutskirttownsaidromeosaveivefeelalonkeepwaitnevercomethiheaddontknowthinkkneltgroundpullringsaidmarrijulietyoullneveralonloverealliknowtalkdadgopickwhitedresslovestoribabisayyeohohohohohohohcausyoungfirstsaw,"705,661,625"
31,Blank space,taylorswift,2014,pop,nicemeetcouldshowincredthingmagicmadheavensinsawthoughtohgodlookfacelooklikenextmistaklovegamewannaplayaynewmoneysuittiereadlikemagazinaintfunnirumorfliknowheardheyletfriendimdieseethioneendgrabpassporthandmakebadguygoodweekendgonnaforevgonnagoflametellmmhighwaworthpaingotlonglistexlovtheylltelliminsancausknowloveplayerlovegamecausyoungrecklesswelltakethiwayfaritllleavbreathlessmmnastiscargotlonglistexlovtheylltelliminsanivegotblankspacebabiillwritenamecherrilipcrystalskycouldshowincredthingstolenkissprettiliekingbabiimqueenfindwantgirlmonthwaitworstyetcomeohscreamcriperfectstormmaketablturnrosegardenfillthornkeepsecondguesslikeohgodgetdrunkjealousiyoullcomebacktimeleavcausdarlimnightmardresslikedaydreamgonnaforevgonnagoflametellmmhighwaworthpaingotlonglistexlovtheylltelliminsancausknowloveplayerlovegamecausyoungrecklessohwelltakethiwayfaritllleavbreathlessmmohnastiscargotlonglistexlovtheylltelliminsaninsanivegotblankspacebabiillwritenameboyonliwantlovetorturdontsaydidntsaydidntwarnyaboyonliwantlovetorturdontsaydidntsaydidntwarnyagonnaforevgonnagoflametellhighwaworthpaingotlonglistexlovtheylltelliminsaniminsancausknowloveplayerlovegamecausyoungrecklesswelltakethiwayfaroohitllleavbreathlessmmnastiscarleavnastiscargotlonglistexlovtheylltelliminsanivegotblankspacebabiillwritename,"3,294,814,684"
32,Back to December,taylorswift,2010,popcountry,imgladmadetimeseelifetellfamilihaventseenyouvgoodbusiereversmalltalkworkweatherguardknowwhibecauslasttimesawstillburnbackmindgaveroseleftdiethiswallowinpridestandinfrontsayinimsorrinightgobackdecembtimeturnfreedomaintnothinmissinwishinidrealizmineidgobackdecembturnaroundmakealrightgobackdecembtimedayhaventsleepinstayinplayinbackleavinbirthdaypassdidntcallthinksummerbeautitimewatchlaughinpassengsiderealizlovefallcoldcamedarkdayfearcreptmindgavelovegavewagoodbythiswallowinpridestandinfrontsayinimsorrinightgobackdecembtimeturnfreedomaintnothinmissinwishinidrealizmineidgobackdecembturnaroundchangmindgobackdecembtimemisstanskinsweetsmilegoodrightheldarmseptembnightfirsttimeeversawcrimaybthiwishthinkinprobablmindlessdreaminloveswearidloverightidgobacktimechangcantchaindoorunderstandthiswallowinpridestandinfrontsayinimsorrinightgobackdecembturnfreedomaintnothinmissinwishinidrealizmineidgobackdecembturnaroundmakealrightidgobackdecembturnaroundchangmindgobackdecembtimetime,"318,466,277"
33,Safe & Sound,taylorswift,2011,folkcountry,remembtearstreamfacesaidillneverletgoshadowalmostkilllightremembsaiddontleavalondeadgonepasstonightcloseeyesungoyoullalrightonehurtcomemornlightillsafesounddontdarelookwindowdarleverythfirewaroutsiddoorkeeprageholdontothilullabievenmusicgonegonecloseeyesungoyoullalrightonehurtcomemornlightillsafesoundoohoohoohoohohwhoaohwhoaohwhoaohwhoaoohoohoohoohohwhoaohwhoacloseeyeyoullalrightcomemornlightillsafesoundoohoohoohoohoohoohoohoohoohoohoohooh,"202,350,892"
34,Shake It Off,taylorswift,2014,pop,staylategotnothinbrainpeoplsaymmmmpeoplsaymmmmgomanidatecantmakeemstayleastpeoplsaymmmmpeoplsaymmmmkeepcruisincantstopwontstopmovinlikegotthimusicmindsayingonnaalrightcausplayergonnaplayplayplayplayplayhatergonnahatehatehatehatehatebabiimgonnashakeshakeshakeshakeshakeshakeshakeoohoohoohheartbreakgonnabreakbreakbreakbreakbreakfakergonnafakefakefakefakefakebabiimgonnashakeshakeshakeshakeshakeshakeshakeoohoohoohnevermissbeatimlightninfeetdontseemmmmdontseemmmmimdancindancinillmakemovegomovegodontknowmmmmdontknowmmmmkeepcruisincantstopwontstopgroovinlikegotthimusicmindsayingonnaalrightcausplayergonnaplayplayplayplayplayhatergonnahatehatehatehatehatebabiimgonnashakeshakeshakeshakeshakeshakeshakeoohoohoohheartbreakgonnabreakbreakbreakbreakbreakfakergonnafakefakefakefakefakebabiimgonnashakeshakeshakeshakeshakeshakeshakeoohoohoohshakeshakeshakeshakeshakeshakeshakeshakeoohoohoohheyheyheythinkyouvgettinliardirtidirticheatworldcouldvgettinthisickbeatexmanbroughthinewgirlfriendlikeohgodimgonnashakefellahellagoodhairwontcomebabishakeshakeshakeyeahohcausplayergonnaplayplayplayplayplayhatergonnahatehatehatehatehatehatergonnahatebabiimgonnashakeshakeshakeshakeshakeshakeshakeoohoohoohheartbreakgonnabreakbreakbreakbreakbreakmmmmfakergonnafakefakefakefakefakefakefakefakebabiimgonnashakeshakeshakeshakeshakeshakeshakeoohoohoohshakeshakeshakeshakeshakeshakeshakeshakeoohoohoohshakeshakeshakeshakegotshakeshakeshakeshake,"3,359,729,829"
35,Cardigan,taylorswift,2020,alternativeindiefolk,vintagteebrandnewphonehighheelcobblestonyoungassumknownothsequinsmileblacklipsticksensualpolityoungassumknownothknewdancinlevidrunkstreetlightknewhandsweatshirtbabikissbetterfeltlikewaoldcardigansomeonbedputsaidwafavoritfriendfriendnonechasetwogirlloseoneyoungassumknownothinknewplayhideandseekgiveweekendknewheartbeathighlineonc20lifetimfeltlikewaoldcardigansomeonbedputsaidwafavoritkisscardowntownbarwaneeddrewstararoundscarimbleedincausknewsteppinlasttrainmarklikebloodstainknewtrichangendpeterlosewendiknewleavinlikefatherrunlikewateryoungassumknownothknewyoudlingerliketattookissknewyoudhauntwhatifsmellsmokewouldhangaroundthilongcauskneweverythwayoungknewidcurslongesttimechasinshadowgrocerilineknewyoudmissoncthrillexpiryoudstandinfrontporchlightknewyoudcomebackyoudcomebackyoudcomebackyoudcomebackfeltlikewaoldcardigansomeonbedputsaidwafavorit,"154,392,204"
36,Maniac,conangray,2019,popindiepop,friendpartialcoholkicksaidwantdeadshowhomealonshovelrosethinkimjokecauspeopllikealwaywantbackcantimpastknowturnbackratpacktellemimtrashtellfriendimcrazidrivemadimstalkerwatcherpsychopathtellhatedatelaughwhicalltellwantbackmaniacmaniacmaniacmaysayimmaniacmaniacmaysayimmaniacmaniacmaysayimwentfarwreckcarcallcridarkbreakheartshowplacerightawaywipetearfacebegstaywellpeopllikealwaywantbackcantimpastknowturnbackratpacktellemimtrashtellfriendimcrazidrivemadimstalkerwatcherpsychopathtellhatedatelaughwhicalltellwantbackmaniacmaniacmaniacmaysayimmaniacmaniacmaysayimmaniacmaniacmaysayimpsychopathdontdramatmagicmadetragicmanichonestliivelistenthinkneedgethelptellfriendimcrazidrivemadimstalkerwatcherpsychopathtellhatedatelaughwhicalltellwantbackmaniacmaniacmaniacmaysayimmaniacmaniacmaysayimmaniacmaniacmaysayim,"92,642,271"
37,Checkmate,conangray,2019,popindiepop,thinkfunnirightcalldrunklatenighttelltruthknowlieyeahthinkfunnirightthinksupersliflirttellminebuildinbuttercuplieimgonnaruinlifecausivegottentiregameplaytelllovethrowawaycririvertilldrownlakecausmaythinkwincheckmatyeahmaythinkwincheckmatthigetfunsawkisssomeonelstongusaidimonlionelovebabithigetfunillletthinkdateparkillplaysuperdumbholdhandoneimholdloadgunyeahbabirealliruncausivegottentiregameplaytelllovethrowawaycririvertilldrownlakecausmaythinkwincheckmatyeahmaythinkwincheckimagetgonecantplaylikepawnsetfirelawnlikeheartimawreckcarimawreckcarmaxcreditcardmaxcreditcardloverlargloverlarggonnawishneverharmcausivegottentiregameplaytelllovethrowawaycririvertilldrownlakecausmaythinkwincheckmatdamagimmakepayoneevergonnaloveanywaycausnarcissisttotalfakeyeahmaythinkwinthiheartbreakarentgonnawincauscheckmat,"9,986,286"
38,The story,conangray,2018,popindiepop,lettellstoriboygirlkindashortkindaboreendwhirlsixteenpeoplmeandidntlovethemselvtheyrgoneheadstonlawnwayoungerknewboyboybestfriendalwaywishcausloveoneanothneverdiscovcausafraidtheydsaymovedifferstateohimafraidwayworldworkaintfunniaintprettiaintsweetohimafraidwayworldworkthinkcouldworkwaitseeendstorisequelfriendparentevilmadebetworksavecouldrunawaywedbetterlifewarightwonderalrightohimafraidwayworldworkaintfunniaintprettiaintsweetohimafraidwayworldworkthinkcouldworkwaitseeendstoriokaymovialwayrunheadpeoplloverfriendhopegethappiendendohimafraidwayworldworkaintfunniaintprettiaintsweetohimafraidwayworldworkthinkcouldworkwaitseeendstori,"21,177,146"
39,Wish You Were Sober,conangray,2020,popindiepop,thipartishitwishcoulddipgoanywherdonttakehitdontkisslippleasdontdrinkbeerimacrawlouttawindowcausdontlikeanyonaroundkindahopefollowinthidefinitcrowdnineteenacttwentyfkneeweaktalkprettifliwowripjeancuptakemusicaintloudtradedrinkdontevenknowsavetilpartikissseatroverrealsweetwishsoberwishsoberwishwishwishsoberwishsobertriproadwalkhomekissdoorpullinclosebegstayimthirollercoastimacrawlouttawindowgetgoodsaygottabounchonestlialwayletknowhanginnineteenacttwentyfkneeweaktalkprettifliwowripjeancuptakemusicaintloudtradedrinkdontevenknowsavetilpartikissseatroverrealsweetwishsoberwishsoberwishwishwishsoberwishsoberwishwishwishwishwishwishsoberwishwishwishwishwishohwishsobernineteenacttwentyfkneeweaktalkprettifliwowripjeancuptakemusicaintloudtradedrinkdontevenknowsavetilpartikissseatroverrealsweetwishsober,"20,432,062"
40,Generation Why,conangray,2017,popindiepop,whiwhiwhiwhiwhiwhiwhiwhiwhiwhiwhiwakeycarparkradiumlawnsuburbianmomcallfriendletmeettengowherevwantcausonecaregonethitowndontgotmuchhaventgotmuchlosewannarotroomlikealwaytalkfastgrewbigdreamwontpursugetcarlaughtilturnbluecaushelplessselfishonekindmillenniumkidwannadiewalkstreetlightinsideyeworthlesscursmuchtimegettroubllosemindsomethiveheardmilliontimelifegenerwhiparentthinkfastasleepsoonhomesneakwindowcausthirateearthdecayworldendnooncouldmovemoonthitowndontgotmuchhaventgotmuchlosewannaleaveveryonthiplacegoodcaushelplessselfishonekindmillenniumkidwannadiewalkstreetlightinsideyeworthlesscursmuchtimegettroubllosemindsomethiveheardmilliontimelifegenerwhiwhiwhiwhiwhiwhiwhiwhiwhiwhilivinnightnightwhiwhiwhiwhiwhiwhiwhiwhiwhisincbounddieohwhiwhiwhiwhiwhiwhiwhiwhiwhiohusetriwhiwhiwhiwhiwhiwhiwhiwhiwhiexactliwhihelplessselfishonekindmillenniumkidwannadiewalkstreetlightinsideyeworthlesscursmuchtimegettroubllosemindsomethiveheardmilliontimelifegenerwhiwhiwhiwhiwhiwhiwhiwhiwhiwhiwhiwhiwhiwhiwhiwhiwhiwhiwhiwhiwhiwhiwhiwhiwhiwhiwhiwhiwhiwhiwhiwhiwhiwhiwhiwhiwhi,"36,071,739"
41,People Watching,conangray,2018,popindiepop,wasntfunnilaughhardalmostcritheyrcountmonththeyvtogethalmost49makefunactroundholidaywearringtellpeopltheyrengagmetclassmetaphysphilosophitellhifriendlikecausmuchsmartertheyrtalkfutur4imhappiimhappiwannafeelloveemotattachpersonimholdsomedayillfallwithoutcautionimonlipeoplwatchimonlilooklivevicariiveneverrealliloveseriousdreamhousbehindpicketfencnextonechoostrusthopeusecommonsenscutpeoplliketagclothendalonstillkeephopewannafeelloveemotattachpersonimholdsomedayillfallinwithoutcautionimonlipeoplwatchcutpeoplliketagclothendalonstillkeephopewontscareletsomeonknowlifefeelmonotonstillkeephopecutpeoplliketagclothfeelendalonstillkeephopeloveemotwontscareletsomeonknowfeellifefeelmonotonstillkeephopeloveemotfeelloveemotwannafeelloveemotattachpersonimholdsomedayillfallwithoutcautionimonlipeoplwatch,"19,481,558"
42,Crush Culture,conangray,2018,popindiepop,goddontlookphoneonegonnacallquitcheckvolumcrushdontcareimforevalonimfallcausthibabiloveproofculturdontcaresayindontwannaparticipgamemanipulcrushdontwantsympathithilovesuffocletsadlonecauscrushculturmakewannaspillgutknowdointrigetpursucrushculturmakewannaspillgutspillgutspillgutohdontlookeyecausgetkissforgetcrushfeedinbeautiliehidebathroomtilfindsomeonelsnewculturdontcaresaydontwannaparticipgamemanipulcrushdontwantsympathithilovesuffocletsadlonecauscrushculturmakewannaspillgutknowdointrigetpursuyacrushculturmakewannaspillgutspillgutspillgutshutdamnmouthtalkloudonecaretwomadeimsickkisscultcrushculturmakewannaspillgutknowdointrigetpursuyacrushculturmakewannaspillgutspillgutspillgutcrushculturmakewannaspillgutknowdointrigetpursuyacrushculturmakewannaspillgutspillgutspillgut,"24,540,147"
43,Overdrive,conangray,2021,popindiepop,onlimetweekendsaidimcatchfeelohguessliedivedeependcantthinkreasontaketimeohnothlettrustnighthoohoohoohooburnstreetleftrightleftrightdontwannaseeredlightredlightfastlanebeatgotenfivtenfivrightnextfeelheatgooverdrgooverdryeahyeahknowstrangerimlikedangerdontknowdontgivefucklabelthrowdicetablletrollohnothlettrustnighthoohoohoohooburnstreetleftrightleftrightdontwannaseeredlightredlightfastlanebeatgotenfivtenfivrightnextfeelheatgooverdrgooverdryeahnothlettrustnightnightnothridediehoohoohoohooburnstreetleftrightleftrightdontwannaseeredlightredlightfastlanebeatgotenfivtenfivrightnextfeelheatgooverdrgooverdryeahgooverdrgooverdryeah,"12,875,504"
44,Idle Town,conangray,2017,popindiepop,thitownneverchangpeoplcomegospeedroaddoubtdayaniplacefarawayneverlearnanybodinamevowwouldntstaykisssigninterstsitwaitidltownidltownyeahinventlittlgameidltownlightstadiumfadeidltownmakelifespinarcadidltowncurfewmidnightwatchsunriswatchsunriswatchsunspringtimairthingetantsitheyrnoticeverybodipartiwatchstaricecreamkickseventhgearbreathatmospherdontevenneedsipbeerfeelidltownidltownyeahinventlittlgameidltownlightstadiumfadeidltownmakelifespinarcadidltowncurfewmidnightwatchsunriswatchsunriswatchsunwatchsunrisblinkredeyesoremindairplankeepflicricaustheyvnevereventouchskytheyllnevereventouchskyyeahinventlittlgameidltowneveryboditriescapidltownkilltimeyellowcafeidltowncurfewmidnightidltownyeahthinkwellokayidltownidltownstaystayidltowneveryonlovethiplaceidltowncurfewmidnightwatchsunris,"21,652,024"
45,Heather,conangray,2020,popindiepop,stillremembthirddecembsweatersaidlookbetteronliknewmuchlikewatcheyewalksightsoreeyebrighterblueskygotmesmerdiewhiwouldeverkissimevenhalfprettigavesweaterpolyestlikebetterwishheatherwatchstandholdhandputarmroundshoulderimgetcoldercouldhateangelkindawishdeadwalksightsoreeyebrighterblueskygotmesmerdiewhiwouldeverkissimevenhalfprettigavesweaterpolyestlikebetterwishheatherwishheatherohohwishheatherwhiwouldeverkissimevenhalfprettigavesweaterpolyestlikebetterwish,"152,746,405"
46,Side To Side,arianagrandefeatnickiminaj,2016,poprb,ivenightarianaivedaynickiminajboygotwalkinsidesidelethoeknowimtalkinyaseestandbodifeellikewannarockbodidontgottathinkboutnothinboutnothinimcominyacausknowgotbadreputdoesntmattercausgivetemptatdontgottathinkboutnothinboutnothinfriendkeeptalkinwaymuchsaygivecanthearcausivenightivedayboygotwalkinsidesideivenightivedayboygotwalkinsidesidesidesidetrynahidebabigonnahurtdontknowmakineverybodithinksololongknowgotgotboygotyacaustonightimmakedealdevilknowgonnagettroubllongknowgotfriendkeeptalkinwaymuchsaygivecanthearcausivenightivedayboygotwalkinsidesidesidesideivenightnightbabiivedaydaybabiboygotwalkinsidesidesidesidethinewstylefreshtypeflowwristiciclridedickbicyclcometrueyogetthitypeblowwannamenaggottricyclbitchflowminimbodismokecallyoungnickichimneyrapperfeelcausfeelinuhiigivezerofuckgotzerochillkisscopblueboxsaytiffanicurrishottellemcallstephanigunpopmakegumpopimqueenrapyoungarianarunpopfriendkeeptalkinwaymuchsaygivecanthearcausivenightivedayboygotwalkinsidesidesidesideivenightnightbabiivedaydaybabiboygotwalkinsidesidesidesidethinewstylefreshtypeflowwristiciclridedickbicyclcometrueyogetthitypeblowwannamenaggottricycl,"2,169,111,680"
47,7 rings,arianagrande,2019,poprb,breakfasttiffanibottlbubblgirltattoolikegettroubllashdiamondatmmachinbuyfavoritthingyeahbadshitsadbitchwouldthoughtitdturnsavagrathertiecallstringwritechecklikewritesingyeahyeahwriststopwatchinneckflossimakebigdepositglosspoppinlikehairgeethankboughtseelikewantgotyeahwantgotwantgotwantgotwantgotlikehairgeethankboughtseelikewantgotyepwearinringaintgonmrboughtmatchdiamondsixbitchidratherspoilfriendrichthinkretailtherapinewaddictwhoeversaidmoneycantsolvproblemmustenoughmoneysolvemsayonesaynahwantemhappipriceredbottomsmilebeaminyeahskingleamingleaminwayshineknowyouvseenyouvseenboughtcribclosetclosethiwantgotyeahwantgotwantgotwantgotwantgotbabilikehairgeethankboughtohyeahseelikewantgotyepyeahreceiptlookinlikephonenumberaintmoneywrongnumberblackcardbusicardwaysettintonedontmeanbraglikeputbagyeahseerackstacklikeassyeahshootgostoreboothmakebackoneloopgimmlootnevermindgotjuicnothinnetshootlooknecklookjetaintgotenoughmoneypayrespectaintbudgetimsetlikegetyeahwantgotwantgotohyeahyeahwantgotwantgotohyeahyeahlikehairgeethankboughtseelikewantgotseeyep,"1,334,107,583"
48,Into You,arianagrande,2016,poprb,imbarebreathwannafalldeepcloseaintcloseenoughtilcrosslineheyyeahnamegameplayillrolldiceheyohbabilookstarttemperaturrisethigonnahappenwaitwaitmakemoveoohoohbeformakemoveoohoohbabicomelightmaybillletlittlbitdangerbabiwantlittllessconverslittltouchbodicausimgoteveryonwatchinusbabiletkeepsecretlittlbitscandalbabidontletseelittllessconverslittltouchbodicausimoohyeahthicouldtaketimeheymademanimistakbettergetthirightrightbabiohbabilookstarttemperaturrisethigonnahappenwaitwaitmakemoveoohoohbeformakemoveoohoohbabicomelightmaybillletlittlbitdangerbabiwantlittllessconverslittltouchbodicausimgoteveryonwatchinusbabiletkeepsecretlittlbitscandalbabidontletseelittllessconverslittltouchbodicausimcausimtellcamecauscantcantwaitimedgcontrolneedneedknowknowohyeahbabicomelightlightmaybillletlittlbitdangerdangerbabiwantwantlittllessconverslittltouchbodicausimgoteveryonwatchinuswatchinusbabiletkeepsecretlittlbitscandalscandalbabidontletseelittllessconverslittltouchbodicausimcomelightcomelightbabilittldangerlittldangerbabilittllessconverslittltouchbodicausim,"1,021,752,019"
49,"thank u, next",arianagrande,2018,poprb,thoughtidendseanwasntmatchwrotesongrickilistenlaughevenalmostgotmarripeteimthankwishcouldsaythankmalcolmcauswaangelonetaughtloveonetaughtpatienconetaughtpainimamazsayiveloveivelostseelookgotlooktaughtsaythanknextnextthanknextnextthanknextimgrateexthanknextnextthanknextnextthanknextnextimspendtimefriendaintworriboutnothinplumetsomeonelshavinbetterdiscussknowsaymovefastthionegonlastcausnameariimgoodgoodtaughtlovelovetaughtpatiencpatienchandlpainpainamazyeahamaziveloveivelostyeahyeahseeyeahyeahcauslookivefoundyeahyeahaintneedsearchsaythanknextthanknextthanknextthanknextthanknextthankimgrateexthanknextthanknextthanknextsaidthanknextthanknextnextimgrateexthanknextthanknextthanknextimonedayillwalkaislholdhandmamaillthankdadcausgrewdramaonliwannaoncrealbadgonmakelastgodforbidsomethhappenleastthisongsmashsongsmashivegotmuchlovelovegotmuchpatiencpatiencivelearnpainpainturnamazturnamaziveloveivelostyeahyeahseeyeahyeahcauslookivefoundyeahyeahaintneedsearchillsaythanknextthanknextthanknextthanknextthanknextimgrateexthanknextthanknextthanknextsaidthanknextthanknextnextimgrateexthanknextthanknextthanknextyeahyeethanknextthanknextthanknextyeahyee,"784,948,463"
50,Dangerous woman,arianagrande,2016,poprb,ohyeahdontneedpermissmadedecistestlimitcausbusigodwitstartfinishdontneedholdtakecontrolthikindmomentimlockloadcompletfocusmindopengotskinskinohgoddontstopboysomethinboutmakefeellikedangerwomansomethinboutsomethinboutsomethinboutmakewannathingshouldntsomethinboutsomethinboutsomethinboutnothinproveimbulletproofknowimwaymovinlikeintroducusnewthingwannasavorsavelatertastflavorcausimtakercausimgiveronlinaturlivedangergotskinskinohgoddontstopboyohyeahsomethinboutmakefeellikedangerwomansomethinboutsomethinboutsomethinboutmakewannathingshouldntsomethinboutsomethinboutsomethinboutgirlwannalikebadgirlunderneathlikeknowimfeelinsidsomethinboutsomethinboutgirlwannalikebadgirlunderneathlikeknowimfeelinsidsomethinboutsomethinboutsomethinboutmakefeellikedangerwomansomethinboutsomethinboutsomethinboutmakewannathingshouldntsomethinboutsomethinboutsomethinboutgirlwannalikebadgirlunderneathlikeknowimfeelinsidknowimfeelinsidbabisomethinboutsomethinboutgirlwannalikebadgirlunderneathlikeknowimfeelinsidsomethinboutsomethinboutsomethinboutsomethinboutsomethinboutyeahsomethinboutboyyeahsomethinboutboyyeahsomethinboutboysomethinboutsomethinboutsomethinbout,"706,462,145"
51,Position,arianagrande,2020,poprb,heavensentimhopindontrepeathistoriboyimtrynameetmamasundaymakelottalovemondayahahneverneedoneelsbabecausillswitchinpositcookinkitchenimbedroomimolympwayimjumpinhoopknowloveinfinitnothinwouldntwontswitchinperfectperfectgoodtruegoodtruegettirerunninfuckimrunninwitsaidboyimtrynameetmamasundaymakelottalovemondayahahneverneedoneelsbab_causillswitchinpositahcookinth_kitchenimbedroomimolympwayimjumpinhoopknowloveinfinitnothinwouldntwontswitchincookinkitchenimbedroombedroomimolympwayimjumpinhoopknowloveinfinitnothinwouldntwontswitchinthishitusualdontyeahkindakindawantcausimimyeahimswitchpositthishityeahusualdontdontkindakindawantcausimswitchinpositcookinkitchenimbedroomimolympwayimjumpinhoopknowloveinfinitnothinwouldntwontswitchincookinkitchenimbedroomimolympwayimjumpinhoopknowloveinfinitnothinwouldntwontswitchinyeahahyeahahahyeah,"541,089,957"
52,God is woman,arianagrande,2018,poprb,lovemovelovetouchonesaiddoneyoullbelievgodwomanfeelmidnightfeelincantfightonelingerdoneyoullbelievgodwomandontwannawasttimeyeahaintgotonetrackmindyeahaniwaylikeyeahtellknowknowwantaintnobodielsrelatboylikeaintafraidbabilayletprayimtellinwaylikewantthingtoldyeahtricomekeepflourishyeahseeuniversimcompanilovemovelovetouchonesaiddoneyoullbelievgodwomanfeelmidnightfeelincantfightonelingerdoneyoullbelievgodwomanilltellthingknowbabitakehandsavesoulmakelasttakeslowhmmtellknowknowwantyeahdifferrestboyconfessmightgetblessseedeservcomenextimtellinwaylikewantthingtoldyeahtricomekeepflourishyeahseeuniversimcompanilovemovelovetouchonesaiddoneyoullbelievgodwomanfeelmidnightfeelincantfightonelingerdoneyoullbelievgodwomanyeahyeahyeahyeahgodwomanyeahoneonesaiddoneyoullbelievgodwomanyoullbelievgodgodwomanohyeahgodwomanyeahonelingerdoneyoullbelievgodwoman,"392,973,256"
53,One Last Time,arianagrande,2015,poprb,waliargavefireknowshouldvfoughtleastimhonestfeellikefailurcausknowfailshouldvdonebettercausdontwantliarknowknowknowgiveeverythboycouldntgiveknowknowknowgoteverythgotnothwithoutonelasttimeneedonetakehomeonetimepromisillletgobabidontcaregotheartreallicarewakearmonelasttimeneedonetakehomedontdeservknowdontdeservstayminutswearillmakeworthcantforgivleasttemporariliknowthifaultshouldvcareknowknowknowgiveeverythboycouldntgiveknowknowknowgoteverythgotnothwithoutbabionelasttimeneedonetakehomeonetimepromisillletgobabidontcaregotheartreallicarewakearmonelasttimeneedonetakehomeknowshouldvfoughtleastimhonestyeahstayminutswearillmakeworthbabecausdontwannawithoutyaonelasttimeneedonetakehomebabeonetimepromisillletgobabidontcaregotheartbabereallicarewakearmonelasttimeneedonetakehomeyeahonelasttimeneedonetakehome,"363,535,925"
54,Mean It,lanylauv,2017,popalternative,smalltalkconverslookmakeimpaticanttellthinkpleastellthinklastnightfinetellchangmindchangmindcausimimimcallanswerwouldtextfeellikefeelrightimimimfallfasterlookheartdoubtdontkissrightdonttellneeddontshowhouscaughtfeeldontrunroundrounddontbuildletletheydontmessheaddonttellfallfeetstillledgimbreathbabidontrunroundrounddontkissdontkissrightlipleavdontmeanohyeahknowyouvgotpalmhandlovehandohhyeahonliletholdcantyeahdontunderstandcausimimimcallanswerwouldtextfeellikefeelrightimimimfallfasterlookheartdoubtdontkissrightdonttellneeddontshowhouscaughtfeeldontrunroundrounddontbuildletletheydontmessheaddonttellfallfeetstillledgimbreathbabidontrunroundrounddontkissdontkissrightlipleavdontmeanhurrihomeletneverleavhousdontmeanletstaybedfriendgodontmeanwhiletwordcomemouthdontmeanyouvstareheartdoubtdontkissrightdonttellneeddontshowhouscaughtfeeldontrunroundrounddontbuildletletheydontmessheaddonttellfallfeetstillledgimbreathbabidontrunroundrounddontkissdontkissrightlipleavdontmean,"86,467,742"
55,Super Far,lany,2018,popalternative,nightmindgotthinkwannastaygivereasondontthinkdontthinkimlovesomeonimsurelovesomeonbackwaylovedontthinkdontthinkdontmeanwannagoleavleavheartalonwakenothsuperfarhomewatchfallasleepnightlaygotbegaffectrolleyebrokeniveenoughthilovedontwantgivetimecmonbabetenmonthknowknowknowwantdontthinkdontthinkmakeworkhurtillgoshowcaregodhopedontthinkdontmeangoodimgonnaneedlittlwakenothsuperfarhomewatchfallasleepnightlaygotbegaffectrolleyebrokeniveenoughthilovedontwantfriendkeepsayimwaygoodheartinvestdontwannafacetruthimhappiknowstilldonteventribrokeniveenoughthilovedontwantwakenothsuperfarhomewatchfallasleepnightlaygotbegaffectrolleyebrokeniveenoughthilovedontwantfriendkeepsayimwaygoodheartinvestdontwannafacetruthimhappiknowstilldonteventribrokeniveenoughthilovedontwant,"82,600,543"
56,Malibu Nights,lany,2019,popalternative,reasonrhymefoundblindsidfeeliveneverknownimdealphonequietwallbaredrinksleepcareoneevenhaknowimdealgotwaymuchtimethihurtsomebodihelpgetworsbrokenheartonclightfadeeverythdarkwaymuchwhiskeybloodfeelbodigiveholdanothnightthitimeyeahheavithoughtgetlateputfragilstatewishwasntgohomedealimprayenoughimdonedontbelievlovelearnletgodealgotwaymuchtimethihurtsomebodihelpgetworsbrokenheartonclightfadeeverythdarkwaymuchwhiskeybloodfeelbodigiveholdanothnightthitimeyeahdrivecirclstreetlightnothseemclearmindcantforgetgetthiheaddrivechasemalibunightnothseemhealmindcantforgetgotwaymuchtimethihurtsomebodihelpgetworsbrokenheartonclightfadeeverythdarkwaymuchwhiskeybloodfeelbodigiveholdanothnightthitimeyeahdrivecirclstreetlightnothseemclearmindcantforgetgetthiheaddrivechasemalibunightnothseemhealmindcantforgetgetthiheaddrivechasemalibunightheyheynanaohyeah,"78,828,497"
57,Thick And Thin,lany,2017,popalternative,latenighteyefellfloorimtrimakesenslosepatienchandtalkwontstopgowarheatmomentthinkbrokencouldseewholelifebabigotthinkimcrazicausdooronemistaksaylovewarealliloveleavsomethinnocthiendthoughtyoudthickthincantsleepcanteatmindmessthinkhappilastweekendgoodtimehowdforgetwabestfriendyeahremembsaidcouldseewholelifebabigotthinkimcrazicausdooronemistaksaylovewarealliloveleavsomethinnocthiendthoughtyoudthickthinthoughtyoudthickthinthoughtyoudthickthinthoughtyoudthickthinsaidyoudeverythsaidyoudbackanythsaidyoudeverythsaidyoudbackanythdooronemistaksaylovewarealliloveleavsomethinnocthiendthoughtyoudthickthindooronemistaksaylovewarealliloveleavsomethinnocthiendthoughtyoudthickthinsaidyoudeverythsaidyoudbackanythsaidyoudeverythsaidyoudbackanyth,"32,668,917"
58,Good Girls,lany,2018,popalternative,danclinedangerlovecouldbreakovernightonelikeusinsatiinsanequalexchangdanclightcanyonsunraceeveriwavegonorth1promismakestillhaventchangbabicomebackknowwayaroundheartdontstartthinkthingkindachangtheyrdifferknowbetternothbetterbuilttogethhomefindbackcaliforniasleeplightwontcometurncometurncometurncometurnmakelovewestsidetowncoulddrawlinetopgroundimselflessdrunkcouldthrowawaycauswanttooklittltimeletemtalkmuchgoodgirldontexistexpectthibabicomebackknowwayaroundheartdontstartthinkthingkindachangtheyrdifferareyknowbetternothbetterbuilttogethhomefindbackcaliforniasleeplightwontcometurncometurncometurncometurnoohoohoohoohoohoohoohoohoohoohoohoohbabicomebackknowwayaroundheartdontstartthinkthingkindachangtheyrdifferknowbetternothbetterbuilttogethhomefindbackcaliforniasleeplightwontcometurnoohoohoohcometurnoohoohoohcometurnoohoohoohcometurnoohoohooh,"35,132,192"
59,I Don't Wanna Love You Anymore,lany,2018,popalternative,uselovesheetdarkhairwhitemisswatchgetdresshazibedroomlighttookcouplweeklastnightfinalcriremembuslondonchocolcovereyesickstareceilhowdchangmindlikeonliwaygetpastthifeeltellcomingbackdontwannaloveanymordontwannaloveanymorstartneverthoughtidsaythibefordontwannaloveanymorgotletterframestillshelfoneleftbedtownsickstareceilhowdchangmindlikeonliwaygetpastthifeeltellcomebackdontwannaloveanymordontwannaloveanymorstartneverthoughtidsaythibefordontwannaloveanymordontwannaloveanymordontwannaloveanymorcantforgetwayfeltwalkdoordontwannaloveanymorsometimwannatalkminutcantbringcallbecausknowheartrealliwhatevgonesometimwannatalkminutcantbringcallbecausknowheartrealliwhatevgonedontwannaloveanymoreidontwannaloveanymorstartneverthoughtidsaythibefordontwannaloveanymordontwannaloveanymortalkminutdontwannaloveanymorcantforgetwayfeltwalkdoordontwannaloveanymor,"24,586,082"
60,Thru These Tears,lany,2018,popalternative,thihurtlikehellkeeptellgonnagetbettertakeforevtrigoeveritimeleavhoussomethremindmeofbehindeveridayletgolittlbitmoreinendimgonnaalrightmighttakehundrsleeplessnightmakememoridisappearrightcantseenothtearcontrolthoughtconvinclossreallimeanimstartbelievcauseveridayletgolittlbitendimgonnaalrightmighttakehundrsleeplessnightmakememoridisappearrightcantseenothtearsoutsightmindmighttakesomebodielsnightmakefeellikeneverrightcantseenothtearsaidwagotclosercrishouldergoodbyendimgonnaalrightmighttakehundrsleeplessnightmakememoridisappearrightcantseenothtearsightmindmighttakesomebodielsnighttomakefeellikeneverrightcantseenothteardrivehomeemptihighwayithoughthitbrakewaclearrightcantseenothtear,"21,817,039"
61,Ilysb,lany,2014,popalternative,aintneverfeltthiwaycantgetenoughstaylikegotbigplanletdrivearoundtownholdhandneedknowonlionealrightalrightneedknowkeepnightnightohhearthurtgoodlovebabebadbadohohhearthurtgoodilovebabebadbadmadcoolclothmadwarmgetcloseslowdancsummernightdiscoballkitchenlightneedknownobodicouldtakeplaceplaceneedknowimhellaobsessfacefaceohhearthurtgoodlovebabebadbadohohhearthurtgoodlovebabebadbadohohhearthurtgoodlovebabebadbadohneedknowonlionealrightalrightneedknowkeepnightnightohhearthurtgoodlovebabebadbadohohhearthurtgoodlovebabebadbadohsobadohohhearthurtohhearthurtohhearthurtbadoh,"45,121,913"
62,You!,lany,2015,popalternative,likewaterdesertimpossfindfoundwabrokenputbacktogethgavelifelikeflowerconcretbeautiraregavehopewaemptiwalkfiresunmoonoceanpaintblueimnothwithoutwithoutwithoutlikeangelnightmaropeneyelookwrongplaceoneneedthiwholetimesunmoonoceanpaintblueimnothwithoutwithoutwithoutlightdarkarrowheartimnothwithoutohohimnothwithoutohohimnothwithoutohohimnothwithoutimnothwithoutimnothwithoutimnothwithoutimnothwithoutairlungveinbloodyeahimnothwithoutsunmoonoceanpaintblueimnothwithoutwithoutwithoutlightdarkarrowheartimnothwithoutohohimnothwithoutohohimnothwithoutohohimnothwithout,"17,028,197"
63,Good Guys,lany,2019,popalternative,wannacalltellfeelmightscareawaygetrealwonttextbackcouplhourrealliwannabringflowerimgonnaholdhandaskwannadanctakehomeknowwannagiveeverythshowimsoutherngentlemanwannaletgoodguygoodguyneverwinwannaonecallanythneedanythwannaletgoodguygoodguyneverwinstaylatedonthearbackalwaywonderyouvdontaskonewantdontwannasharetalksomeonelsactlikedontcareimgonnaholdhandaskwannadanctakehomeknowwannagiveeverythshowimsoutherngentlemanwannaletgoodguygoodguyneverwinwannaonecallanythneedanythwannaletgoodguygoodguyneverwinimgonnaplaycooltilknowwantimgonnaplaycooltilknowwantwannagiveeverythshowimsoutherngentlemanwannaletgoodguygoodguyneverwinwannaonecallanythneedanythwannaletgoodguygoodguyneverwinimgonnaplaycooltilknowwantimgonnaplaycooltilknowwantimgonnaplaycooltilknowwant,"10,681,138"
64,I always wanna die sometimes,the1975,2018,poprock,betthoughtlifewouldchangsattrainmemoriscenerithingsaidneverreallimeantbuildhighsaygoodbybecausdeathwonthappenhappenfamilifriendpretendalwaywannadiesometimalwaywannadiesometimwinlosesingbluepointbuyconcreteshorefusalwaywannadiesometimalwaywannadiesometimalwaywannadieohgeographifacecollapsentropihardlispeaktrinothsqueakvideoliveroomsmallcantsurvivtrialwaywannadiesometimalwaywannadiealwaywannadiealwaywannadiealwaywannadiealwaywannadiealwaywannadiealwaywannadiesometimsometimsometimsometimsometimalwaywannadiealwaywannadiealwaywannadiealwaywannasometim,"14,981,476"
65,Somebody Else,the1975,2016,poprock,heardfoundsomebodielsfirstthoughtwalietookthingmakesoundrestwithoutdontwantbodihatethinksomebodielslovehagonecoldintertwinsoulsomebodielsimlooklookphoneleavsomebodielsdontwantbodiimpicturbodisomebodielsdontwantbodidontwantbodidontwantbodidontwantbodyidontwantbodidontwantbodidontwantbodidontwantbodicmonbabiknowthiaintlasttimeillseefacecmonbabiknowsaidyoudfindsomeontakeplacedontbelievgotcausgonnakeepeveritimestartbelievanythsayimremindgettindontwantbodihatethinksomebodielslovehagonecoldintertwinsoulsomebodielsimlooklookphoneleavsomebodielsdontwantbodiimpicturbodisomebodielsdontwantbodidontwantbodidontwantbodidontwantbodidontwantbodidontwantbodidontwantbodidontwantbodigetsomeonlovegetsomeonneedfuckgetmoneycantgivesoulcausneveralongetsomeonlovegetsomeonneedfuckgetmoneycantgivesoulcausneveralongetsomeonlovegetsomeonneedfuckgetmoneycantgivesoulcausneveralongetsomeonlovegetsomeonneedfuckgetmoneycantgivesoulcausneveralondontwantbodihatethinksomebodielslovehagonecoldintertwinsoulsomebodielsimlooklookphoneleavsomebodielsdontwantbodiimpicturbodisomebodiels,"80,468,550"
66,Robbers,the1975,2013,poprock,facestraightmagazingodonliknowyoullneverleavbalaclavastartchafegethigunbegbabestaystaystaystaystayillgiveonetimewellgiveonefightsaidonelineknownevershootyoullneverknownevereatyoullnevergrowyouvgotprettikinddirtifaceleavhomebegstaystaystaystaystayillgiveonetimewellgiveonefightsaidonelinetherelriotcausknowwellyouvgotgunmuchharderpoliccomeillshootasktakemaskyoudfindeverythgonewrongeverybodideadtheyrdrivepastoldschoolgothigungothisuitsaybabelookcoollookcoollookcoolyoulookcoollookcoollookcool,"93,713,251"
67,3:00 AM,findinghope,2017,electronicambient,babi300mindfirsttimewevegonethiwantcanthelpthinkcouldbabicouldtellbabicouldtellcouldtellmuchcareimdespairstilltelltellmakethiworkmakethiworkcausbabifindwayimsurethilovewontstraygivechancsayloveneedstayfadeawaylikeeveridayreasonlieawakbabi300mindfirsttimewevegonethiwantcanthelpthinkcouldbabicouldtellbabicouldtellcouldtellmuchcareimdespairstilltelltellmakethiworkmakethiworkohoh,"81,088,998"
68,Love,findinghope,2017,electronicambient,loveoohivesaidbeforillsaywishfriendknowlovewaydressknowlovestyleeverimomentimcanthelpsmileivethoughtbeforillthinkstopplaypretendwishwouldmakemindletlovewellalrightknowcantkeepchasedontfeelwayfeelknowcantkeepchasebabecaseknowloveooh,"24,663,033"
69,Paths,findinghope,2017,electronicambient,staticradiomissexitmileagolifefeellikeloneroadimnothlikewabeforpushpullmakepointfallawayonlifounddisappointwildblueskycantescapbrokenpathleadbackcantacceptthoughtfadecamehomeeventhoughcouldmoveknowhopecamehomecantfarlongeveripathleadbackbackbackbackbackbackbackbackimeveriinfluencthiaintmakeanisenssmokefallheavithiroomblankfaceanxietiimmisscamehomeeventhoughcouldmoveknowhopecamehomecamehomecantfarlongeveripathleadbackbackbackbackbackbackbackbackgottagottagetbacklovernothgottagottagetbacklovernothnoth,"439,929"
70,Where,findinghope,2017,electronicambient,seewhiwaleftcuzimlikechildfeellostemptiseeeyelikeimstandlimboonlitellwhiinsteadguessthiwindowgogobabishouldvknownshouldvknownlateyouvactrealfunnikeepsomethgocomegogogogogogogogogogogogogogoendnightwishcouldhearvoicthikillinsidwishcouldchoicfeelalwayrightidrejoicgirlivegotnothhideonlicouldmakenoisgogobabishouldvknownknownlateyouvactrealfunnikeepsomethgoincomegogogogogogogogogogogogogogogogobabiyouvactrealfunnigokeepsomethgogo,"3,715,477"
71,Without You,findinghope,2020,electronicambient,thifeellikelonethoughimafraidknowwontwithoutimfarhomeimsuregoneverwanthurtwanthurtleftcoldfeellikelonethoughimafraidknowokaywithoutimfarhomeimsuregoneverwanthurtwanthurtleftcold,"35,246,396"
72,Starboy,theweeknd,2016,popelectronic,imtrynaputworstmoodahp1cleanerchurchshoeahmillipointtwohurtahredlambåteasahnonetoyleasahmadewholeyearweekyahmainbitchleaguahsidebitchleaguahhousemptineedcenterpiec20racktablcutebonicutivoriskinnipieccleanfacemanlovebabitalkmoneyneedhearaidtalkboutdontseeshadeswitchstyletakeanilaneswitchcupkillanipainlookyouvdoneiåmmotherfuckinstarboylookyouvdoneimmotherfuckinstarboyeveridayniggatritestaheveridayniggatriendahpullroadstersvahpocketoverweightgettinheftiahcomekingfarcriahcomealivfalltimecompetitdontreallilisteniåmbluemulsannbumpnewedithousemptineedcenterpiec20racktablcutebonicutivoriskinnipieccleanfacemanlovebabitalkmoneyneedhearaidtalkboutdonåtseeshadeswitchstyletakeanilaneswitchcupkillanipainlookyouvdoneiåmmotherfuckinstarboylookyouvdoneimmotherfuckinåstarboyletniggabragpittlegendfalltookyearlikebanditboughtmamacribbrandnewwagonhitgrocerishoplooklavishstartrekroofwraithkhangirlgetlooshearthisong100dashgetclosegoddontpraylovepraycar,"2,011,726,457"
73,Save Your Tears,theweeknd,2021,poprb,oohnanayeahsawdanccrowdroomlookhappiimsawcaughtsurprissinglteardropfalleyedontknowwhirunawayillmakecrirunawaycouldvaskwhibrokeheartcouldvtoldfellapartwalkpastlikewasntpretendlikedidntcaredontknowwhirunawayillmakecrirunawaytakebackcauswannastaysavetearanothsavetearanothdaysavetearanothdaymadethinkwouldalwaystaysaidthingneversayyeahbrokeheartlikesomeonminewontlovesecondtimedontknowwhirunawayohgirlsaidillmakecrirunawaygirltakebackcauswannastaysavetearanothrealizimmuchlatedeservsomeonbettersavetearanothdayoohyeahsavetearanothdayyeahdontknowwhirunawayillmakecrirunawaysavetearanothdayoohgirlahsaidsavetearanothdayahsavetearanothdayahsavetearanothdayah,"1,586,349,988"
74,Die For You,theweeknd,2023,rb,imfindinwayarticulfeelimgoincantsaydontlovecausloveyeahhardcommunthoughtholdtonightimgonletknowlettelltruthbabilettelltruthyeahknowimthinkinseeeyehatewanthatecriscarelonespecialnightimscareillmisshappeneveritimedontwantthifeelincantaffordlovetrifindreasonpullusapartaintworkincausperfectknowworthcantwalkawayoheventhoughgomakefeelalonknowwoulddiebabiwoulddieyeahdistanctimeusitllneverchangmindcausbabiwoulddiebabiwoulddieyeahimfindwaymanipulfeelingoinbabigirlimblamindontblameyeahcauscanttakethipainforevwontfindonebettercausimrightbabethinkimrightbabeknowimthinkinseeeyehatewanthatecriaintworkincausperfectknowworthcantwalkawayoheventhoughgomakefeelalonknowwoulddiebabiwoulddieyeahrdistanctimeusitllneverchangmindcausbabiwoulddiebabiwoulddieyeahwoulddiewouldliekeeprealwouldkillbabiimsayinyeahwoulddiewouldliekeeprealwouldkillbabinananananananananaeventhoughgomakefeelalonejustknowwoulddiebabiwoulddieyeahdistanctimeusitllneverchangmindcausbabewoulddiebabiwoulddieyeahbabedie,"1,360,013,057"
75,Reminder,theweeknd,2023,rb,recordmanplaysongradiobusitrynafindblueeysoulletblackhairgrowweedsmokeswearmuchregulargonlethitfligonletgoaintxogottagonewawardkidshowtalkinboutfacenumbinbagblowimlikegoddamnbitchteenchoicegoddamnbitchbleachboywhipgamemakeniggaunderstandthoughgothannibsilenclambohitgahardmakerotatrotatniggablewlikepropanpropanrbniggalamegotsweetasianchickgolowmanelomeinohohohknowknownananananaknowknowknowohohohknowknowknownananananaeveritimetriforgetillrightremindknowknowpowpowknowknowohyeahsaidimtrynaswimsomethinwetteroceanfadedoublcupimmixinpotionwannamakemoneymakedopeshitseemlikeniggatrynasoundlikeoldshiteverybodiknowniggaknowplatinummixtapsippincodeinpourtrophirollintilnosebleedimakeepsinginimburninogniggagetmakemoneyalonrockchainaroundneckmakinsureimgettinhometravelroundglobemakecouplmilshowcomebackcitifuckeverigirlknowusewalkaroundslouchmattressfloorshitstraighteatindaytrynaloseweightgoodsexwellsweathotelbedsprwellwearaintgottatellcausknowohohohknowknownananananaknowknowknowohohohknowknowknownananananaeveritimetriforgettriforgetillrightremindheyknowknowpowpowknowknowknowwhidontshakesomethinshakesomethindontbreaknothinbreaknothinbabigirlwontworksomethinworksomethindonthurtnothinhurtnothinbabigirlwontshakesomethinshakesomethindontbreaknothinbreaknothinbreakbabigirlwontworksomethinworksomethinworkdonthurtnothinhurtnothincausknowknownomanyeahknowmanohohohnananananaohohohnananananaohohohnananananaohohohnanananana,"447,156,328"
76,You Right,theweeknd,2021,rb,gotmanwantgotmanwantnervdickmakinthinkboutsomeonnewknowgotmuchsaytrihidefacedontworkseewantgetwitrightrightgotguycanthelpwantsaidrightgotguycanthelpwantcantstoplookwaycausknowcouldbabeneverfeelyoudthinkinbouteveridaydontbelievfairytalgotfantasitrynasheettopactlikedeepboytaketellboutreallifeelboundcanttelloneknowgotmanwantgotmanwantnervdickmakinthinkboutsomeonenewknowgotmuchsaytrihidefacedontworkseewantgetwitrightrightgotguyrightrightcanthelpwantsaidrightgotguyrightrightcanthelpwantgirlwantlikewantfeelenergioohyeahtopohyeahknowmanaintcontrollinstillhesitoohcauschoseloyaltiohyeahknowhistorimetbeforpeakheyheyconnectwomanusebutbutbutthisexcloudmemoricouplstrokeputyoullbelonggotmanwantgotmanwantohnervdickmakinthinkboutsomeonnewknowgotmuchsaytrihidefacedontworkseewantgetwityeahyeahyeahyeahyeahrightrightgotguyrightrightcanthelpwantsaidrightgotguyrightrightcanthelpwant,"419,812,828"
77,Take My Breath,theweeknd,2021,poprb,sawfireeyesawfirelookeyetellthingwannatriuhknowtemptatdevildisguisriskfeelalivohyeahofferlikesacrificsaidthitimetelllovebringlightlikedreamfeelloveedgfantasiokaysuddenlibabisaytakebreathawaymakelastforevbabeneverbabeahtakebreathawaynobodidoebetterbabebringclosewantholdtightpullclosefeelheatthighuhsaywayyoungendlifehuhgirldontwannaonepaypriceoohlikedreamfeellovestoedgfantasiokaysuddenlibabisaytakebreathawaymakelastforevbabeneverbabeahtakebreathawaynobodidoebetterbabebringcloseheavenbabeuhtakebreathohohoohtheyllseeohoohoohyeahsayohohohohohohohohohohohohohoohohtakebreathawaytakebreathawaymakelastforevbabeneverbabeahtakebreathawaytakebreathawaynobodidoebetterbabebringcloseheavenbabetakebreathtakebreathbreathawaynoboditakebreathtakebreathbreathawaynobodidoebetterbabebringcloseheavenbabeuh,"287,692,761"
78,In My Blood,shawnmendes,2018,poprock,helplikewallcavesometimfeellikegivecantisntbloodlaybathroomfloorfeelnothimoverwhelminsecurgivesomethcouldtakeeasmindslowlidrinkyoullfeelbettertakehomeyoullfeelbetterkeeptellgetbetterdoeeverhelplikewallcavesometimfeellikegivemedicinstrongenoughsomeonhelpimcrawlskinsometimfeellikegivecantisntbloodisntbloodimlookphonefeelanxiouafraidalonhatethiimtrynafindwaychillcantbreathohsomebodicouldhelplikewallcavesometimfeellikegivemedicinstrongenoughsomeonhelpimcrawlskinsometimfeellikegivecantisntbloodisntbloodohneedsomebodineedsomebodisomeonhelpneedsomebodihelplikewallcavesometimfeellikegivecantisntbloodisntbloodohohohohohisntbloodneedsomebodiisntbloodneedsomebodiisntblood,"354,106,270"
79,Stitches,shawnmendes,2015,pop,thoughtidhurtbeforoneeverleftquitthisorewordcutdeeperknifeneedsomeonbreathbacklifegotfeelimgoknowillmakealivquitcalllovermovewatchbleedcantbreathshakefallontokneeimwithoutkissillneedstitchtripachbegcomehelpimwithoutkissillneedstitchlikemothdrawnflameohlurecouldntsenspainbitterheartcoldtouchimgonnareapsowimleftseeredgotfeelimgoknowillmakealivquitcalllovermovewatchbleedcantbreathshakefallontokneeimwithoutkissillneedstitchtripachbegcomehelpimwithoutkissillneedstitchneedlthreadgottagetouttaheadneedlthreadgonnawinddeadneedlthreadgottagetouttaheadneedlthreadgonnawinddeadgonnawinddeadneedlthreadgottagetouttaheadgottagetouttaheadneedlthreadgonnawinddeadwinddeadneedlthreadgottagetouttaheadgetouttaheadwatchbleedcantbreathshakefallontokneefallkneeimwithoutkisswithoutillneedstitchillneedstitchtripachbegcomehelpbegbabipleasimwithoutkissillneedstitchimwithoutkissillneedstitchimwithoutkissillneedstitch,"1,570,180,171"
80,Treat You Better,shawnmendes,2016,pop,wontlieknowrighttellimseefacesayonewantspendtimethiwrongsituatanytimwantstopknowtreatbetteranigirllikedeservgentlemantellwhiwasttimewastcriinsteadknowtreatbetterbetterillstoptimesecondsayyoudlikewannagivelovemissbabiwakewouldeverythneedthicoulddiffertellwantcausknowtreatbetteranigirllikedeservgentlemantellwhiwasttimewastcriinsteadknowtreatbetterbetterbettergivesigntakehandwellfinepromiswontletknowdontthialonpromisillneverletcausknowtreatbetteranigirllikedeservgentlemantellwhiwasttimewastcriinsteadknowtreatbetterbetterohbetterbetter,"2,406,985,818"
81,Lost In Japan,shawnmendes,2018,popfunk,itdtakeoneflightwedtimezonelooktimelinseerainbowgotideaknowsoundcraziwannaseeyaohgottaaskgotplantonightimcouplhundrmilejapanwathinkcouldflihoteltonightcausiiicantgetmindcantgetmindcantgetmindohcouldfeeltensioncouldcutknifeknowfriendshiphearthinkboutyeahgottaconvincshouldntfallasleepitllonlicouplhourimleavgotplantonightimcouplhundrmilejapanwathinkcouldflihoteltonightcausiiicantgetmindcantgetmindcantgetmindgotplantonightwahopecouldgetlostparadisonlithingimthinkboutcausiiicantgetmindcantgetmindcantseemgetmindletgetlosttonightletgetlosttonightbabicantseemgetmindletgetlosttonightletgetlosttonightbabicantseemgetmindgotplantonightimcouplhundrmilejapanwathinkcouldflihoteltonightcausiiicantgetmindcantgetmindgotplantonightbabiwahopecouldgetlostparadisonlithingimthinkboutiiicantgetmindcantgetmindcantseemgetmindyeahletgetlosttonightletgetlosttonightbabicantseemgetmindletgetlosttonightletgetlosttonightbabicantseemgetmind,"117,227,673"
82,Something Big,shawnmendes,2014,pop,onetwothreefourohwoahwoahohwoahwoahohplaylottomightwinlike25lifebustprisonsomethairsomethairlikefeelkilltakelastshotknowgohitsomethairsomethairwoahsomethbigfeelhappencontrolpushpullgrabfeelbonelikeohwoahwoahohwoahsomethbigfeelhappenohwoahwoahohwoahsomethbiglikefeelwinmedalworkhardknewwouldntsettlhandairhandairhearthoughtwouldntlistenlikeanthemwholeworldsinginhandairhandairwoahsomethbigfeelhappencontrolpushpullgrabfeelbonelikeohwoahwoahohwoahsomethbigfeelhappenohwoahwoahohwoahsomethbigwoahyeahyeahstompfeetgroundshakeclaphandwallbreakyellloudwontforgetnamecaussomethbighappentakethirockstartfireraisthifeelhighcanttellusanythsomethbighappensomethbigfeelhappencontrolpushpullgrabfeelbonelikeohwoahwoahohwoahsomethbighappenwoahohwoahwoahohwoahsomethbigfeelhappenoh,"168,124,561"
83,Seâorita,shawnmendescamilacabello,2019,poplatinpop,lovecallseâoritawishcouldpretenddidntneedyaeveritouchoohlalalatruelalalaoohrunoohkeepcomeyalandmiamiairwahotsummerrainsweatdripbeforevenknewnamelalalafeltlikeoohlalalayeahsapphirmoonlightdanchoursandtequilasunrisbodifitrighthandlalalafeltlikeoohlalalayeahlovecallseâoritawishcouldpretenddidntneedyaeveritouchoohlalalatruelalalaoohrunoohknowlovecallseâoritawishwasntdamnhardleavyaeveritouchoohlalalatruelalalaoohrunoohkeepcomeyalockhotelthingneverchangsayfriendfrienddontknowwaytastlalalacausknowlongtimecomedontletfallohoohlipundresshooktonguoohlovekissdeadlidontstoplovecallseâoritawishcouldpretenddidntneedyaeveritouchoohlalalatruelalalaoohrunoohknowlovecallseâoritawishwasntdamnhardleavyaeveritouchoohlalalatruelalalatruelalaoohrunoohkeepcomeyaalongivecomeyayahopemeantsomethyaoohcallnameillcomeyacomeyacomeyacomeyayayaohlovecallyaoohrunoohkeepcomeya,"1,628,450,766"
84,Beside You,keshi,2019,popalternativerb,ohguygotinterruptfeelinvibesayimtypeknowmindwtalknothinseelikedontliebabidontliehiloveneverfeltrightswitchsideimbesidsayalrightdontliebabidontliewaymaniheadneedsteadiviewsmokincigarettrendezvnevermeantcrossjawhitflooronetwothinkwantyouyousaythiaintlovestilllovemakeloveanythinsateyadontshidecidsaymakeminedontliebabidontliehiloveneverfeltrightswitchsideimbesidyasayalrightlemmshowfeellikedontliebabidontliehiloveneverfeltrightswitchsideimbesidyasayalrightdontliebabidontlieskinfineahahahcomeclosebabiputmineahskinfineahahahcomeclosebabiputmineguygotinterruptfeelinvibesayimtypeknowmindtalknothinseelikeohohdontliebabidontliehiloveneverfeltrightswitchsideimbesidyasayalrightlemmshowfeellikedontliebabidontlie,"33,126,867"
85,Blue,keshi,2017,popalternativerb,impatisaystillwaitinanothroundnewfaceimracinimfineillnevermakehomesixthstreetoccascanttakechangbluemoondifferphasebluemoondifferplacethreehourthreemonthawaygobackdontwantseecausimseemalwayrelievsaymeangotnumbfightwithinbloodlinbetterdressdatenightdatenightdonthitcellunknownnumberphonedontneedhelpletlayfloordontknowliketimebeforimpatisaystillwaitinanothroundnewfaceimracinimfineillnevermakehomesixthstreetoccascanttakechangbluemoondifferphasebluemoondifferplacestearpiecwontevenfeelknowimneedmoveseasonimpatisayitstilwaitinanothroundnewfaceimraceimfineillnevermakehomesixthstreetoccascanttakechangbluemoondifferphasebluemoondifferplace,"10,341,948"
86,Somebody,keshi,2017,popalternativerb,babiwhihesitcausknowfeelwanttastletshowwannatrynagettrapleglockgoanothroundmakebedrockyuhbiteneckimamakesweatnevergiverestnevergiverestneedsomebodibabiputbodisaidbodineedsomebodibabiputbodisaidbabibabifuckaroundputgetloudnotherroundbabineedsomebodibabiputtellwanttetelwantbabibabifuckaroundputgetloudnotherroundbabineedsomebodibabiputtellwanttetelwantbackgirlspeakinlanguagshowfavoritspotdontgottasaypullcloseholdtightletgonightsaddlgirlwhikeepinwaitinholdwannagetwantlovegonmakeneedsomebodibabiputbodisaidbodineedsomebodibabiputbodisaidbabibabifuckaroundputgetloudnotherroundbabineedsomebodibabiputtellwanttetelwantbabikeshibabifuckaroundputgetloudnotherroundbabineedsomebodibabiputtellwanttetelwantpullclosepullcloseholdtightpullpullclosepullclosepullcloseholdtightpullpullclose,"6,901,077"
87,Less Of You,keshi,2020,popalternativerb,helloawakrightgodneedhearsoundpleascalmknowselfishonlithingevermadesensdontwannathidontknowthiwithoutclingsidevoicnightcovereyeimterrififacescreenaintadequreplacyeahyeahmuchtimelimelightgimmlandlinewantbadwontliegetworsnighttimeneverstaylonggonemorncomehomegotlessleavimpiecmaybbettercutloostelldaywaimokaydontknowdontknowdontknowdontknowdontknowdontknowtimenevermoveslowbedtimehitphonetellgogotellgogomuchtimelimelightgimmlandlinewantbadwontliegetworsnighttimeneverstaylonggonemorncomehomegotlessleavimpiecmaybbettercutloosdontknowthiwithoutdontknowdontknowdontknowdontknowthiwithoutdontknowdontknowdontknowdontknowthiwithout,"20,269,410"
88,Limbo,keshi,2018,popalternativerb,ivegoinmotionbackforthlikeoceanfraudshithopenobodinoticbangchestmornheadnightdrinklesswantstrikelightsquarimmightiestfighthurttwicetriadvicthishitmightdiethishitfeelalivfeelalivfeelalivfeellikelimbohandwindowchasinsunsettempoyeahtempooohthionlishowbestbestlookdemonsawputmeansomeonelsouttasightouttaminddontknowfinddontknowhidestilleatgooddrinkgoodfeelgoodgoodcanthearheadimsatbesidyafucklunglivergoodlookmirrorfeelalivfeelalivfeelalivfeellikelimbohandwindowchasinsunsettempotempooohthiillonlishowbestbestoohtryinimmanhopinwontgetbestbest,"25,953,673"
89,Drunk,keshi,2018,popalternativerb,frienddrunkimstumblinbackbeddontneednobodielsfrienddrunkimstumblinbackbeddontneednobodielssmelllikesmokenuitdelhommsinclastspoketellgostilllovebluenothinnewcarelessloveivefewhowboutfrienddrunkimstumblinbackbeddontneednobodielsfrienddrunkimstumblinbackbeddontneednobodielsneverthoughtgoneidfindhardcarriprobablcausfelllovewaybackthinkusthinkusfrienddrunkimstumblinbackbedgotnobodielsfrienddrunkimstumblinbackbedgotgotnobodiels,"35,721,011"
90,Understand,keshi,2020,popalternativerb,neverthoughtidfindonelifewouldneargotgotusbabemakefeelcompletneedoohoohmaybtrilettakehandonlioneunderstandguesstimeaskminedayhopeyoullstayilladmitimscarecausiveneverreallicaremuchthiworthriskoohoohmaybtrilettakehandyouronlioneunderstandoohoohoohoohoohmaybtrilettakehandonlioneunderstand,"3,438,911"
91,Goodbyes,postmalonefeatyoungthug,2019,pophiphop,kurtfeelmuchpleasurpaingirlspitevaincomplainneedsomethchangneedtakeedgtonightdonttellshutknowtalkmuchdontgotsaywantheadwantbedroomtonightwaycouldsavecausneedsaveimgoodgoodbyactinsanstubbornchangimdrinkin80proofveinfingertipstainlookedgdonttonightsaidneedthiheartgotturnwasntwantwouldntletgolostimgonerwantheadwantbedroomtonightwaycouldsavecausneedsaveimgoodgoodbywantrightlifewantbacktonightimtrynacutknifewannaslicediceargupossessgotprecisturntvimwatchfightfloodgaragbluediamondsharkbarbilifedollnickiminajdontneedkeydrivecarchargerwannaseesideoneunbothdontwantnevergooutsidpromisplayslidinimtourbustillridinyeahyeahyeahyeahyeahwantheadwantbedroomtonightwaysavebecausneedsaveimgoodgoodbygoodbygoodbygoodbygoodbygoodbygoodbygoodbygoodbygoodbyimgoodgoodbygoodbygoodbygoodbygoodbygoodbygoodbygoodbygoodbygoodbyimgoodgoodby,"185,847,110"
92,Wow.,postmalone,2019,pophiphop,saidtirelilmoneyneedbigboypulltwentiinchbladelikeimliltroyeverybodiflockinneeddecoyshawtimixinvodkalacroixyeahgwagongwagongwagongwagonhousewpullingotlottoy720bumpinfallboywatalkinshitbeginmmhmmhbackwafeelinforgivinforgivinknowpissseewinninseewinninseeigloomouthgrinningrinninyeahhundrbandpocketithundrdeeprolllikearmigetbottlbottllonelyitmomentshowgotemsayinwowwowwowhundrbandpocketyeahgrandmamaprobablknowknowgetbottlbottllonemomentshowgotemsayinwowwowwoweverywhergoheycatchblocklikeimmutombowow750lamboutahsnowskrrttrunkfrontlikeshitdumboyeahcutrooflikeniptuckpullhousbigbuttturnkitchencounterstripclubdrecamegotguapyalldisappearwowbefordropstoneynoneyallreallicarecarealwaysaycongratulkidkidthi40impourinthishityeahuselotgotyupmadanothhitcausgotboreyupalwaygoinneverpuntfourthlastcallhailmariprescotttouchdownayiyeahhundrbandpockethundrdeeprolllikearmiheygetbottlbottllonemomentshowgotemsayinwowwowwowwowhundrbandpocketgoddamnyeahgrandmamaprobablknowgoddamngetbottlbottllonemomentshowgotemsayinwowwowwowwowwowwowsayinwowwowwow,"318,976,208"
93,Psycho,postmalonefeattydollaign,2018,pophiphop,damnapgoinpsycholilmamabadlikemichaelcantreallitrustnobodithijewelrirooflooklikenoshowgotdiamondboatloadcometoniromoclownbozoapgoinpsycholilmamabadlikemichaelcantreallitrustnobodithijewelrirooflooklikenoshowgotdiamondboatloaddontactlikefriendimrollinendthoughstuckfriendzonetellfourfivfifthayihunnidbandinsidshortdechinoshtayitristuffdontevenfitayiknowshteversincjitayimadefirstmillionimlikeshtthiayi30walkthroughmanbchlitayimanibottlgaveugligirlsipwindowbenzocouldsendrentimlikewoahmanneckgoddamncolddiamondweighteethsoregothomiletblowohmoneythickwonteverfoldsaidholdcantevertelldamnapgoinpsycholilmamabadlikemichaelcantreallitrustnobodithijewelriyoumirooflooklikenoshowgotdiamondboatloadcometoniromoclownbozoapgoinpsycholilmamabadlikemichaelcantreallitrustnobodithijewelrirooflooklikenoshowgotdiamondboatloaddontactlikefriendimrollinendthoughapgoinpsychorolligoinbraziimhittinlilmamawannababisippipankichainstankiseewhippromistakeyodollaridinoldschoolchevidroptopboolinthotthotgongivetoptoponeswitchmakeassdropheyuhtakesmokeshopgongethighayigonhitrodeodialvalentinogonhitpicotakeimtakeslumthiainthappenovernightdiamondrealbrightsaintlaurentjeanstillvanthoughvvssputnecklacgirllookbeautitonightstarroofmatchjewelridamnapgoinpsycholilmamabadlikemichaelcantreallitrustnobodithijewelrirooflooklikenoshowgotdiamondboatloadcometoniromoclownbozoapgoinpsycholilmamabadlikemichaelcantreallitrustnobodithijewelrirooflooklikenoshowgotdiamondboatloaddontactlikefriendimrollinendthough,"1,036,875,866"
94,I Fall Apart,postmalone,2016,pophiphop,ooohfallapartooohyeahmmhmmtoldimenoughyeahleftbrokenheartyeahfooltwicefaultyeahcutdeepleftscaryeahmanithoughtgoinbrainyeahimtakinshotlikenovocainyeahooohfallapartcoreooohfallapartcoreooohdidntknowbeforsurpriscaughtguardthidamnjewelriboughtwashortithoughtnevercaughtfeelinthihardharderliquorpourtelldontwantcantletgoeveryboditoldfeelinlikesoldsouldevilformwhoredevilformwhoresaidsaidsaidwedtogethooohfallapartcoreooohfallapartcoreooohdidntknowbeforsurpriscaughtguardthidamnjewelriboughtwashortithoughticekeeppourindrinkkeepflowintribrushkeepgoincoverscarcanthelpshowinwhippinforeigntearkeepblowinicekeepdroppindrinkkeepflowintribrushkeepgoinscarcanthelpshowinwhippinforeigntearkeepblowinyeahooohfallapartcoreooohfallapartcoreooohdidntknowbeforsurpriscaughtguardthidamnjewelriboughtwashortithought,"71,258,499"
95,Congratulations,postmalonefeatquavo,2016,pophiphop,yeahyeahyeahheymamacallseentvsonsaidshitdonechangeversincwadreameversincwayoungsaidwouldntnothalwaysaycongratuluhuhuhworkhardforgotvacatuhhuhaintneverdedicuhuhpeoplhatinsaychanglookmadeuhuhyeahmadeuhuhuhtheywaneverfriendliyeahimjumpbentleyyeahandknowsounddramatyeahknewyeahmoneyimsavagyeahitchlikehabityeahimsurroundtwentibadbitchyeahdidntknowlastyearyeaheveryonwannaactlikeimportyeahyeahyeahyeahyeahyeahmeannothsawdoughyeahyeahyeahyeahyeahyeahyeaheveryoncountdropballyeahyeahyeahyeahyeahyeahyeaheverythcustomlikeimborderyeahyeahfuckwinputlighterskycouldmakecentgotmillionmindcomebullshitputsideballsincbabicouldseeeyemamacallseentvsonsaidshitdonechangeversincwadreameversincwayoungsaidwouldntnothalwaysaycongratulcongratulworkhardforgotvacatoohaintneverdedicayiuhuhpeoplhatinsaychanglookmadeuhuhyeahmadeuhuhuhyeahwapatientyeahohwapatientayioohscreammademadeitnoweveryoneverywhergosaygratuluhyoungniggayoungniggagraduatyeahpickrockballbabiballimlooksomeoncallbabibrrtrightgotsituatayinothinoldbenbenfranklincashbigringwoochampagnchampagnlifelikeballgameballgameinsteadimtrapthoughtrapthoughpotbigcallsuperbowlsuperbowlwoosuperbowlcallhoebrrtgetrollskrrttopfloorlifestyltophonchopostyeahayimalonayigotplayphoneayiknowimayihunchohoudinigoneayimamacallseentvsonsaidshitdonechangeversincwadreameversincwayoungsaidwouldntnothalwaysaycongratulayiuhuhuhworkhardforgotvacatuhhuhoohaintneverdedicayiuhuhpeoplhatinsaychanglookmadeyeahyeahmadeayiheyheyheyheyheyhey,"1,553,720,986"
96,Better Now,postmalone,2018,pophiphop,prollithinkbetterbetteronlisaycausimaroundaroundknownevermeantletletwouldagaveanythwouldagaveeverythknowsaybetterbetteronlisaycausaroundaroundknownevermeantletletwouldagaveanythwouldagaveeverythohohbelievwouldendendeverythcamesecondbenzobenzoevenspeakinfriendknewunclauntthough20candlblowemopeneyelookinforwardrestliveusekeeppicturpostbedsiddressersockdontlikeimrollinrollinrollinrollinbrotherlikejonajonadrinkinhenniimtrynaforgetcantgetthishitouttaheadprollithinkbetterbetteronlisaycausimaroundaroundknownevermeantletletwouldagaveanythwouldagaveeverythknowsaybetterbetteronlisaycausaroundaroundknownevermeantletletwouldagaveanythwouldagaveeverythohohseendudeseemlikewapretticoolwabrokenlifegoewondergonnatakegonnatakeanothforeignbiggerchainbiggerchainbecausmatterlifehachangkeeplookbackbetterdayprollithinkbetterbetteronlisaycausimaroundaroundknownevermeantletletwouldagaveanythwouldagaveeverythknowsaybetterbetteronlisaycausaroundaroundknownevermeantletletwouldagaveanythwouldagaveeverythohohpromisswearillokayonlilovelifelovelifeprollithinkbetterbetteronlisaycausimaroundaroundknownevermeantletletwouldagaveanythwouldagaveeverythknowsaybetterbetteronlisaycausaroundaroundknownevermeantletletwouldagaveanythwouldagaveeverythohoh,"600,364,763"
97,Circles,postmalone,2019,poprock,couldntturnaroundtilupsidillbadguyaintproudcouldnteventridontbelievthieveritimeseasonchanglovewentcoldfeedflamecauscantletgorunawayruncirclrunawayrunawaydaresomethimwaitdonttakeblamerunawayruncirclrunawayrunawayrunawayletgogotfeeltimeletgosayknewthiwadoomgetgothoughtwaspecialspecialwasexthoughsexthoughstillhearechoechogotfeeltimeletgoletgoseasonchanglovewentcoldfeedflamecauscantletgorunawayruncirclrunawayrunawaydaresomethimwaitdonttakeblamerunawayruncirclrunawayrunawayrunawaymaybdontunderstandimgoonligotlosemakemindtellgonnaonliletgoseasonchanglovewentcoldfeedflamecauscantletgorunawayruncirclrunawayrunawaydaresomethimwaitdonttakeblamerunawayruncirclrunawayrunawayrunaway,"632,049,507"
98,Sunflower,postmalonefeatswaelee,2018,pophiphop,ayiayiayiayioohoohoohoohoohoohayiayioohoohoohoohneedlesssaykeepcheckwabadbadneverthelessyeahcallinquitbabiimwreckwreckcrashplacebabiwreckwreckneedlesssayimkeepcheckwabadbadneverthelesscallinquitbabiimwreckcrashplacebabiwreckthinkinbadwaylosingripscreaminfacebabidonttripsomeontookbigldontknowfeltlookinsidewaypartitiltoohoohoohthingcantrefuswannaridelikecruisimtrynaloseleftdustunlessstuckyasunflowthinklovewouldmuchyoullleftdustunlessstuckyasunflowsunfloweveritimeimleavinoohdontmakeeasiwishcouldgivereasonohoheveritimeimwalkinheartellinturnaroundfightintrustwontbackevengottariskrightohknowscareunknownknowndontwannaalonalonknowalwaycomegogocontrolyoullleftdustunlessstuckyasunflowthinklovewouldmuchyoullleftdustunlessstuckyasunflowsunflowyeah,"2,224,985,006"
99,Rockstar,postmalonefeat21savage,2018,hiphoptrap,hahahahahatankgodayiayiivefuckinhoepoppinpillimanfeellikerockstarayiayibrothergotgaalwaysmokinlikerastafuckincalluzishowmanshottahomipullblockmakethinggogrrratatatatapowpowpowayiayiswitchwhipcamebackblackimstartinsayinrestpeacbonscottscottayiclosedoorblowinsmokeasklightfirelikeimmorrisonsonayiactfoolstageprollileavfuckinshowcopcarcarayishitwalegendarithrewtvwindowmontagcocaintablliquorpourindontgivedamndudegirlfriendgroupitrynagetsayinimbandayiayiactinouttapockettrynagrabpanthundrbitchtrailersayaintgotmanbroughtfriendyeahayiayiayiivefuckinhoepoppinpillimanfeellikerockstarayiayibrothergotgaalwaysmokinlikerastafuckincalluzishowmanshottahomipullblockmakethinggogrrratatatatapowpowpowivehillfuckinsuperstarfeelinlikepopstar212121drinkinhennibadbitchjumpinpoolaintgotbrabrahitbackpullintrackscreaminãnomâyeahyeahyeahlikesavagwhigottwelvcargaragonligotsixcar21aintcakinkisskisswifeysayimlookinlikewholesnackbigsnackgreenhundrsafegotoldrackoldracklabitchalwayaskincoke2121livinlikerockstarsmashcopcarsweeterpoptartknowharddonemadehotchartmemberusetraphardlivinlikerockstarimlivinlikerockstarayiivefuckinhoepoppinpillimanfeellikerockstarayiayibrothergotgaalwaysmokinlikerastayeahyeahyeahyeahfuckincalluzishowmanshottahomipullblockmakethinggogrrratatatatagrrratatatatastarstarrockstarrockstarstarrockstarrockstarfeellikerockstarrockstarrockstarfeellike,"1,131,452,674"
100,White Iverson,postmalone,2016,pophiphop,doublotimnewthreesaucinsaucinimsaucinimswagginimswagginimswagginohoohswagginimballinimballiniversonswishoohayiwatchwatchwatchyeahshotshotshotyeahspendinimspendinfuckinpaygotbraidgothoestartrockinsleevcantballjoeknowconcordtoethishithardoohaintrichyetknowaintbrokeseelikebuystorestoreimwhitegirllovincocacocalikeotdoublotlikeimkdsmokinogsmokinogknow23goldteethgoldteethbitchimsmilebetseenoseblenosebleimnewthreechangnew3snew3swhiteiversonstartballinwayounggonthinkimgoneneedmoneylikeringneversaucinsaucinimsaucinimswagginimswagginimswagginohoohimballinimballiniversonwatchwatchwatchyeahshotshotshotyeahspendinimspendinfuckinpayoohstoneycigarettheadbandcommacommaheadmanslumplikedeadmanredblackboutbreadmanimanswerneverquestionlacelearnlessonbitchimsaucinwowthioftendonttalkinoptionrightwalkjumpjordanoohimballinmoneyjumpinlikeimdavineworleanbitchimhardendontmissnothinfuckpracticthishithappenknowyallcantstandayineverpassworkmagichighaveragballbastardmakehappitragicmakehappenyallshaqtinwhiteiversonstartballinwayounggonthinkimgoneneedmoneylikeringneversaucinsaucinimsaucinimswagginimswagginimswagginohoohimballinimballiniversonwatchwatchwatchyeahshotshotshotyeahspendinimspendinfuckinpayoohoohoohoohoohoohoohooh,"1,053,295,540"
